downtime_event_id,work_order_id,plant_id,line_id,machine_id,shift_id,event_start,event_end,duration_minutes,downtime_type,reason_code
DT00000835,WO00001082,P02,P02_L01,M015,C,2026-02-15 22:25:00,2026-02-15 23:06:00,41,Unplanned,Mechanical Failure
DT00002632,WO00003574,P02,P02_L02,M019,B,2026-05-28 14:12:00,2026-05-28 14:22:00,10,Unplanned,Quality Hold
DT00000729,WO00000937,P01,P01_L03,M012,B,2026-02-09 14:18:00,2026-02-09 14:34:00,16,Planned,Changeover
DT00002368,WO00003206,P02,P02_L03,M024,B,2026-05-13 14:13:00,2026-05-13 14:17:00,4,Unplanned,Electrical Fault
DT00002784,WO00003770,P02,P02_L02,M019,C,2026-06-05 22:56:00,2026-06-05 23:20:00,24,Unplanned,Utility Interruption
DT00000449,WO00000566,P02,P02_L03,M022,B,2026-01-24 14:13:00,2026-01-24 15:22:00,69,Planned,Preventive Maintenance
DT00002581,WO00003501,P03,P03_L02,M032,A,2026-05-25 06:24:00,2026-05-25 06:47:00,23,Planned,Preventive Maintenance
DT00001455,WO00001940,P02,P02_L03,M021,B,2026-03-22 14:14:00,2026-03-22 14:45:00,31,Planned,Changeover
DT00001733,WO00002318,P03,P03_L03,M035,B,2026-04-06 14:31:00,2026-04-06 15:04:00,33,Planned,Cleaning/Sanitation
DT00001117,WO00001494,P01,P01_L02,M005,A,2026-03-04 06:13:00,2026-03-04 06:44:00,31,Unplanned,Mechanical Failure
DT00000858,WO00001118,P03,P03_L03,M035,A,2026-02-16 06:35:00,2026-02-16 06:54:00,19,Unplanned,Mechanical Failure
DT00000874,WO00001138,P02,P02_L03,M022,C,2026-02-17 22:14:00,2026-02-17 22:29:00,15,Planned,Changeover
DT00003166,WO00004297,P01,P01_L01,M004,A,2026-06-27 06:33:00,2026-06-27 06:59:00,26,Planned,Preventive Maintenance
DT00001381,WO00001845,P02,P02_L02,M020,B,2026-03-18 14:41:00,2026-03-18 15:03:00,22,Unplanned,Electrical Fault
DT00000396,WO00000503,P03,P03_L03,M034,B,2026-01-21 14:18:00,2026-01-21 14:59:00,41,Planned,Changeover
DT00001627,WO00002170,P03,P03_L02,M032,B,2026-03-31 14:29:00,2026-03-31 14:50:00,21,Planned,Planned Inspection
DT00000453,WO00000568,P03,P03_L01,M027,B,2026-01-24 16:42:00,2026-01-24 16:58:00,16,Unplanned,Sensor/Controls Fault
DT00003078,WO00004171,P02,P02_L01,M013,A,2026-06-22 06:13:00,2026-06-22 06:43:00,30,Planned,Changeover
DT00002483,WO00003351,P02,P02_L02,M019,B,2026-05-19 14:46:00,2026-05-19 15:09:00,23,Unplanned,Mechanical Failure
DT00002578,WO00003497,P02,P02_L03,M022,C,2026-05-25 22:22:00,2026-05-25 22:37:00,15,Unplanned,Mechanical Failure
DT00002651,WO00003599,P02,P02_L01,M014,C,2026-05-29 22:54:00,2026-05-29 22:58:00,4,Unplanned,Operator Adjustment
DT00000660,WO00000843,P01,P01_L01,M002,A,2026-02-05 06:13:00,2026-02-05 07:06:00,53,Planned,Changeover
DT00000371,WO00000480,P01,P01_L01,M003,C,2026-01-21 22:56:00,2026-01-22 00:06:00,70,Unplanned,Material Starvation
DT00000544,WO00000693,P03,P03_L02,M032,A,2026-01-29 06:25:00,2026-01-29 06:47:00,22,Planned,Changeover
DT00001445,WO00001927,P03,P03_L01,M027,C,2026-03-21 22:25:00,2026-03-21 23:08:00,43,Planned,Preventive Maintenance
DT00001329,WO00001780,P01,P01_L01,M001,C,2026-03-16 22:40:00,2026-03-16 23:01:00,21,Unplanned,Electrical Fault
DT00000565,WO00000718,P03,P03_L01,M026,B,2026-01-30 14:42:00,2026-01-30 15:24:00,42,Planned,Changeover
DT00002145,WO00002905,P03,P03_L03,M033,C,2026-04-30 22:25:00,2026-04-30 23:00:00,35,Unplanned,Mechanical Failure
DT00000557,WO00000708,P02,P02_L01,M016,A,2026-01-30 06:34:00,2026-01-30 06:56:00,22,Unplanned,Electrical Fault
DT00001394,WO00001861,P01,P01_L01,M002,C,2026-03-19 22:41:00,2026-03-19 23:24:00,43,Planned,Cleaning/Sanitation
DT00002358,WO00003191,P01,P01_L01,M003,B,2026-05-13 14:40:00,2026-05-13 15:02:00,22,Planned,Cleaning/Sanitation
DT00001945,WO00002602,P02,P02_L01,M014,C,2026-04-18 22:38:00,2026-04-18 23:02:00,24,Planned,Preventive Maintenance
DT00002518,WO00003404,P02,P02_L02,M019,A,2026-05-21 06:44:00,2026-05-21 07:28:00,44,Unplanned,Sensor/Controls Fault
DT00000914,WO00001204,P01,P01_L01,M001,C,2026-02-20 22:17:00,2026-02-20 22:56:00,39,Unplanned,Mechanical Failure
DT00000252,WO00000332,P03,P03_L03,M035,B,2026-01-14 14:43:00,2026-01-14 15:06:00,23,Planned,Changeover
DT00002009,WO00002708,P03,P03_L03,M034,A,2026-04-22 06:13:00,2026-04-22 06:52:00,39,Unplanned,Mechanical Failure
DT00002587,WO00003508,P01,P01_L01,M001,B,2026-05-26 14:29:00,2026-05-26 14:37:00,8,Unplanned,Mechanical Failure
DT00002780,WO00003767,P02,P02_L01,M014,C,2026-06-05 22:42:00,2026-06-05 23:15:00,33,Planned,Changeover
DT00001316,WO00001767,P01,P01_L03,M009,A,2026-03-15 06:30:00,2026-03-15 06:55:00,25,Unplanned,Mechanical Failure
DT00003047,WO00004119,P03,P03_L02,M029,A,2026-06-19 06:47:00,2026-06-19 07:32:00,45,Planned,Preventive Maintenance
DT00000727,WO00000931,P01,P01_L01,M001,B,2026-02-09 14:36:00,2026-02-09 15:20:00,44,Unplanned,Electrical Fault
DT00003147,WO00004267,P03,P03_L03,M033,A,2026-06-25 06:13:00,2026-06-25 07:00:00,47,Unplanned,Electrical Fault
DT00002653,WO00003600,P02,P02_L02,M017,A,2026-05-29 07:14:00,2026-05-29 07:29:00,15,Unplanned,Mechanical Failure
DT00001027,WO00001361,P02,P02_L02,M018,C,2026-02-26 22:44:00,2026-02-26 23:36:00,52,Planned,Preventive Maintenance
DT00001670,WO00002227,P03,P03_L03,M033,B,2026-04-02 14:27:00,2026-04-02 14:57:00,30,Unplanned,Mechanical Failure
DT00000270,WO00000354,P03,P03_L01,M027,C,2026-01-15 22:58:00,2026-01-15 23:18:00,20,Unplanned,Electrical Fault
DT00002634,WO00003577,P02,P02_L03,M024,B,2026-05-28 14:37:00,2026-05-28 15:07:00,30,Planned,Changeover
DT00001174,WO00001563,P03,P03_L01,M027,A,2026-03-06 07:09:00,2026-03-06 07:22:00,13,Unplanned,Mechanical Failure
DT00002716,WO00003676,P01,P01_L01,M001,B,2026-06-02 15:26:00,2026-06-02 15:34:00,8,Unplanned,Operator Adjustment
DT00001033,WO00001369,P03,P03_L02,M030,B,2026-02-26 14:32:00,2026-02-26 14:53:00,21,Unplanned,Electrical Fault
DT00002790,WO00003775,P03,P03_L01,M025,B,2026-06-05 15:06:00,2026-06-05 15:19:00,13,Unplanned,Mechanical Failure
DT00000015,WO00000021,P03,P03_L01,M025,C,2026-01-01 22:30:00,2026-01-01 23:03:00,33,Unplanned,Electrical Fault
DT00000861,WO00001122,P01,P01_L01,M004,B,2026-02-17 14:56:00,2026-02-17 15:39:00,43,Unplanned,Sensor/Controls Fault
DT00002919,WO00003948,P03,P03_L01,M026,C,2026-06-12 22:29:00,2026-06-12 23:00:00,31,Planned,Cleaning/Sanitation
DT00000428,WO00000539,P01,P01_L03,M010,B,2026-01-23 15:04:00,2026-01-23 15:13:00,9,Unplanned,Material Starvation
DT00002932,WO00003971,P03,P03_L02,M030,C,2026-06-13 22:19:00,2026-06-13 22:36:00,17,Planned,Preventive Maintenance
DT00003040,WO00004109,P02,P02_L01,M013,C,2026-06-19 22:20:00,2026-06-19 22:57:00,37,Unplanned,Mechanical Failure
DT00002276,WO00003092,P03,P03_L01,M025,C,2026-05-08 22:20:00,2026-05-08 22:42:00,22,Planned,Changeover
DT00001924,WO00002569,P01,P01_L01,M001,A,2026-04-17 06:43:00,2026-04-17 07:16:00,33,Planned,Changeover
DT00001999,WO00002692,P01,P01_L03,M009,C,2026-04-22 22:37:00,2026-04-22 23:13:00,36,Planned,Preventive Maintenance
DT00001863,WO00002476,P02,P02_L03,M023,A,2026-04-13 06:43:00,2026-04-13 07:00:00,17,Unplanned,Material Starvation
DT00001549,WO00002073,P02,P02_L03,M021,B,2026-03-27 14:44:00,2026-03-27 15:02:00,18,Planned,Preventive Maintenance
DT00002153,WO00002915,P02,P02_L01,M013,A,2026-05-01 06:17:00,2026-05-01 06:31:00,14,Planned,Preventive Maintenance
DT00000066,WO00000096,P02,P02_L01,M016,B,2026-01-05 14:44:00,2026-01-05 15:06:00,22,Unplanned,Mechanical Failure
DT00002824,WO00003819,P03,P03_L03,M035,B,2026-06-07 14:52:00,2026-06-07 15:15:00,23,Unplanned,Mechanical Failure
DT00002865,WO00003868,P03,P03_L02,M030,A,2026-06-09 06:34:00,2026-06-09 06:50:00,16,Unplanned,Electrical Fault
DT00002424,WO00003286,P03,P03_L02,M032,A,2026-05-16 06:14:00,2026-05-16 06:35:00,21,Planned,Changeover
DT00002521,WO00003409,P02,P02_L03,M021,C,2026-05-21 22:41:00,2026-05-21 23:03:00,22,Planned,Preventive Maintenance
DT00000443,WO00000560,P01,P01_L01,M002,C,2026-01-24 23:08:00,2026-01-25 00:07:00,59,Unplanned,Electrical Fault
DT00001512,WO00002017,P02,P02_L02,M018,C,2026-03-25 22:48:00,2026-03-25 23:01:00,13,Unplanned,Material Starvation
DT00002576,WO00003494,P02,P02_L02,M017,C,2026-05-25 22:15:00,2026-05-25 22:23:00,8,Unplanned,Operator Adjustment
DT00003201,WO00004350,P03,P03_L01,M026,C,2026-06-29 22:47:00,2026-06-29 23:38:00,51,Planned,Preventive Maintenance
DT00000271,WO00000358,P03,P03_L03,M034,A,2026-01-15 06:25:00,2026-01-15 07:01:00,36,Planned,Preventive Maintenance
DT00002836,WO00003834,P02,P02_L02,M019,C,2026-06-08 22:20:00,2026-06-08 22:52:00,32,Planned,Changeover
DT00000241,WO00000311,P01,P01_L02,M007,B,2026-01-14 15:14:00,2026-01-14 15:21:00,7,Unplanned,Electrical Fault
DT00003002,WO00004060,P02,P02_L03,M023,B,2026-06-17 14:11:00,2026-06-17 14:50:00,39,Planned,Preventive Maintenance
DT00000401,WO00000512,P01,P01_L03,M010,B,2026-01-22 14:34:00,2026-01-22 15:06:00,32,Planned,Changeover
DT00002337,WO00003172,P02,P02_L01,M014,A,2026-05-12 06:23:00,2026-05-12 06:34:00,11,Unplanned,Quality Hold
DT00000769,WO00001005,P03,P03_L02,M032,A,2026-02-11 06:20:00,2026-02-11 06:30:00,10,Unplanned,Material Starvation
DT00000318,WO00000410,P01,P01_L03,M011,A,2026-01-18 06:23:00,2026-01-18 06:36:00,13,Unplanned,Mechanical Failure
DT00001496,WO00001996,P03,P03_L01,M026,C,2026-03-24 22:42:00,2026-03-24 23:02:00,20,Planned,Preventive Maintenance
DT00003092,WO00004193,P01,P01_L02,M005,B,2026-06-23 14:49:00,2026-06-23 15:06:00,17,Unplanned,Electrical Fault
DT00001386,WO00001853,P03,P03_L02,M031,A,2026-03-18 06:24:00,2026-03-18 07:29:00,65,Planned,Planned Inspection
DT00002988,WO00004043,P03,P03_L03,M034,C,2026-06-16 22:41:00,2026-06-16 23:29:00,48,Planned,Preventive Maintenance
DT00002526,WO00003414,P03,P03_L02,M032,B,2026-05-21 14:17:00,2026-05-21 14:43:00,26,Planned,Preventive Maintenance
DT00002709,WO00003669,P03,P03_L02,M031,A,2026-06-01 07:04:00,2026-06-01 07:55:00,51,Unplanned,Utility Interruption
DT00000552,WO00000701,P01,P01_L01,M004,C,2026-01-30 22:23:00,2026-01-30 23:11:00,48,Planned,Changeover
DT00003046,WO00004116,P03,P03_L01,M025,A,2026-06-19 06:45:00,2026-06-19 07:58:00,73,Unplanned,Mechanical Failure
DT00000448,WO00000565,P02,P02_L02,M020,C,2026-01-24 23:20:00,2026-01-24 23:24:00,4,Unplanned,Electrical Fault
DT00000082,WO00000118,P01,P01_L02,M008,C,2026-01-06 22:11:00,2026-01-06 22:15:00,4,Unplanned,Mechanical Failure
DT00001457,WO00001942,P03,P03_L01,M026,A,2026-03-22 06:20:00,2026-03-22 06:31:00,11,Unplanned,Electrical Fault
DT00002382,WO00003233,P02,P02_L03,M023,B,2026-05-14 14:32:00,2026-05-14 15:02:00,30,Planned,Changeover
DT00000545,WO00000694,P03,P03_L02,M032,B,2026-01-29 14:42:00,2026-01-29 15:05:00,23,Planned,Preventive Maintenance
DT00002564,WO00003470,P02,P02_L02,M020,B,2026-05-24 14:55:00,2026-05-24 15:31:00,36,Unplanned,Utility Interruption
DT00000881,WO00001148,P01,P01_L01,M004,A,2026-02-18 06:41:00,2026-02-18 06:59:00,18,Planned,Planned Inspection
DT00002095,WO00002838,P02,P02_L02,M019,B,2026-04-28 14:35:00,2026-04-28 14:56:00,21,Planned,Preventive Maintenance
DT00002296,WO00003116,P03,P03_L03,M033,A,2026-05-09 06:10:00,2026-05-09 06:38:00,28,Planned,Changeover
DT00002953,WO00004001,P02,P02_L01,M016,C,2026-06-15 22:13:00,2026-06-15 22:35:00,22,Planned,Cleaning/Sanitation
DT00002090,WO00002833,P01,P01_L03,M009,C,2026-04-28 22:12:00,2026-04-28 22:34:00,22,Planned,Changeover
DT00002268,WO00003081,P02,P02_L01,M013,A,2026-05-08 06:24:00,2026-05-08 06:59:00,35,Planned,Preventive Maintenance
DT00000435,WO00000550,P03,P03_L01,M028,A,2026-01-23 06:25:00,2026-01-23 07:40:00,75,Planned,Changeover
DT00002428,WO00003291,P03,P03_L03,M033,C,2026-05-16 22:42:00,2026-05-16 23:29:00,47,Planned,Preventive Maintenance
DT00001029,WO00001365,P03,P03_L01,M027,A,2026-02-26 06:23:00,2026-02-26 07:27:00,64,Planned,Changeover
DT00001205,WO00001625,P02,P02_L03,M024,C,2026-03-09 22:39:00,2026-03-09 23:11:00,32,Planned,Changeover
DT00002504,WO00003382,P02,P02_L03,M022,C,2026-05-20 22:19:00,2026-05-20 22:56:00,37,Planned,Changeover
DT00001974,WO00002648,P03,P03_L01,M028,A,2026-04-20 06:28:00,2026-04-20 07:15:00,47,Unplanned,Mechanical Failure
DT00001810,WO00002404,P01,P01_L02,M006,A,2026-04-10 06:38:00,2026-04-10 06:59:00,21,Planned,Planned Inspection
DT00002075,WO00002805,P01,P01_L03,M010,B,2026-04-27 14:17:00,2026-04-27 14:51:00,34,Planned,Changeover
DT00002244,WO00003047,P01,P01_L01,M004,C,2026-05-07 22:42:00,2026-05-07 23:16:00,34,Planned,Cleaning/Sanitation
DT00001677,WO00002242,P02,P02_L02,M018,B,2026-04-03 14:46:00,2026-04-03 14:59:00,13,Unplanned,Material Starvation
DT00000259,WO00000342,P01,P01_L03,M010,C,2026-01-15 22:14:00,2026-01-15 22:28:00,14,Unplanned,Mechanical Failure
DT00002031,WO00002740,P01,P01_L01,M003,C,2026-04-24 22:48:00,2026-04-24 23:50:00,62,Planned,Cleaning/Sanitation
DT00002708,WO00003669,P03,P03_L02,M029,A,2026-06-01 06:38:00,2026-06-01 07:01:00,23,Unplanned,Utility Interruption
DT00002570,WO00003478,P03,P03_L03,M036,B,2026-05-24 15:00:00,2026-05-24 15:09:00,9,Unplanned,Quality Hold
DT00002823,WO00003819,P03,P03_L03,M033,B,2026-06-07 14:25:00,2026-06-07 14:49:00,24,Unplanned,Mechanical Failure
DT00001940,WO00002590,P03,P03_L02,M031,A,2026-04-17 06:45:00,2026-04-17 08:07:00,82,Unplanned,Quality Hold
DT00000865,WO00001126,P01,P01_L02,M005,C,2026-02-17 22:34:00,2026-02-17 23:08:00,34,Planned,Preventive Maintenance
DT00002702,WO00003664,P02,P02_L03,M022,B,2026-06-01 14:16:00,2026-06-01 14:35:00,19,Planned,Cleaning/Sanitation
DT00002273,WO00003088,P02,P02_L03,M021,B,2026-05-08 14:20:00,2026-05-08 14:55:00,35,Planned,Changeover
DT00000542,WO00000689,P02,P02_L03,M022,C,2026-01-29 22:37:00,2026-01-29 23:21:00,44,Planned,Changeover
DT00002482,WO00003351,P02,P02_L02,M017,B,2026-05-19 14:14:00,2026-05-19 14:41:00,27,Planned,Changeover
DT00001542,WO00002062,P01,P01_L02,M005,C,2026-03-27 23:06:00,2026-03-27 23:20:00,14,Unplanned,Quality Hold
DT00000200,WO00000255,P01,P01_L01,M001,C,2026-01-12 23:11:00,2026-01-12 23:33:00,22,Unplanned,Mechanical Failure
DT00002727,WO00003689,P02,P02_L02,M020,C,2026-06-02 22:37:00,2026-06-02 22:51:00,14,Unplanned,Mechanical Failure
DT00001012,WO00001336,P02,P02_L03,M023,B,2026-02-25 14:45:00,2026-02-25 15:10:00,25,Planned,Changeover
DT00001603,WO00002138,P02,P02_L03,M024,C,2026-03-30 22:37:00,2026-03-30 23:03:00,26,Unplanned,Electrical Fault
DT00002426,WO00003288,P03,P03_L02,M032,C,2026-05-16 22:35:00,2026-05-16 23:07:00,32,Planned,Preventive Maintenance
DT00001264,WO00001690,P01,P01_L01,M004,B,2026-03-12 14:16:00,2026-03-12 14:39:00,23,Planned,Cleaning/Sanitation
DT00002294,WO00003114,P03,P03_L02,M031,A,2026-05-09 06:43:00,2026-05-09 07:10:00,27,Planned,Preventive Maintenance
DT00000280,WO00000368,P01,P01_L03,M012,B,2026-01-16 14:20:00,2026-01-16 14:50:00,30,Planned,Preventive Maintenance
DT00002794,WO00003782,P03,P03_L03,M035,C,2026-06-05 23:33:00,2026-06-06 00:15:00,42,Unplanned,Electrical Fault
DT00000247,WO00000320,P02,P02_L02,M018,B,2026-01-14 14:40:00,2026-01-14 15:23:00,43,Planned,Cleaning/Sanitation
DT00000260,WO00000344,P02,P02_L01,M013,B,2026-01-15 14:28:00,2026-01-15 15:06:00,38,Planned,Preventive Maintenance
DT00000756,WO00000994,P02,P02_L01,M016,B,2026-02-11 14:48:00,2026-02-11 15:42:00,54,Planned,Cleaning/Sanitation
DT00001528,WO00002041,P02,P02_L01,M013,C,2026-03-26 22:44:00,2026-03-26 23:18:00,34,Planned,Preventive Maintenance
DT00000390,WO00000494,P02,P02_L03,M021,B,2026-01-21 14:12:00,2026-01-21 14:47:00,35,Planned,Preventive Maintenance
DT00001628,WO00002171,P03,P03_L02,M029,C,2026-03-31 22:24:00,2026-03-31 22:56:00,32,Planned,Changeover
DT00003101,WO00004207,P03,P03_L01,M027,A,2026-06-23 06:33:00,2026-06-23 07:01:00,28,Unplanned,Quality Hold
DT00002597,WO00003522,P02,P02_L03,M021,A,2026-05-26 06:25:00,2026-05-26 07:21:00,56,Planned,Cleaning/Sanitation
DT00002106,WO00002857,P01,P01_L02,M005,C,2026-04-29 22:34:00,2026-04-29 23:16:00,42,Unplanned,Mechanical Failure
DT00000201,WO00000256,P01,P01_L02,M006,A,2026-01-12 06:31:00,2026-01-12 07:43:00,72,Unplanned,Sensor/Controls Fault
DT00002681,WO00003634,P01,P01_L02,M007,B,2026-05-31 14:40:00,2026-05-31 15:47:00,67,Planned,Planned Inspection
DT00002412,WO00003278,P02,P02_L01,M013,C,2026-05-16 22:26:00,2026-05-16 22:42:00,16,Planned,Changeover
DT00003028,WO00004097,P03,P03_L03,M035,C,2026-06-18 22:10:00,2026-06-18 22:30:00,20,Planned,Changeover
DT00001401,WO00001868,P02,P02_L01,M014,A,2026-03-19 06:46:00,2026-03-19 07:02:00,16,Planned,Preventive Maintenance
DT00003128,WO00004244,P01,P01_L01,M003,B,2026-06-25 14:48:00,2026-06-25 15:20:00,32,Unplanned,Operator Adjustment
DT00001830,WO00002432,P01,P01_L03,M011,C,2026-04-11 22:41:00,2026-04-11 23:44:00,63,Planned,Cleaning/Sanitation
DT00001153,WO00001533,P02,P02_L03,M024,A,2026-03-05 06:35:00,2026-03-05 07:32:00,57,Planned,Preventive Maintenance
DT00002646,WO00003592,P01,P01_L02,M006,B,2026-05-29 14:18:00,2026-05-29 15:04:00,46,Planned,Cleaning/Sanitation
DT00000747,WO00000973,P02,P02_L03,M024,B,2026-02-10 14:12:00,2026-02-10 14:55:00,43,Planned,Preventive Maintenance
DT00000998,WO00001319,P03,P03_L03,M033,C,2026-02-24 23:17:00,2026-02-24 23:43:00,26,Unplanned,Material Starvation
DT00001472,WO00001958,P02,P02_L01,M016,A,2026-03-23 06:35:00,2026-03-23 07:20:00,45,Planned,Planned Inspection
DT00000834,WO00001081,P02,P02_L01,M015,B,2026-02-15 14:40:00,2026-02-15 14:47:00,7,Unplanned,Quality Hold
DT00001160,WO00001545,P01,P01_L01,M004,A,2026-03-06 06:46:00,2026-03-06 06:58:00,12,Planned,Changeover
DT00002320,WO00003153,P02,P02_L03,M023,C,2026-05-11 22:39:00,2026-05-11 23:01:00,22,Planned,Preventive Maintenance
DT00000780,WO00001020,P02,P02_L01,M016,A,2026-02-12 06:27:00,2026-02-12 07:34:00,67,Planned,Changeover
DT00002775,WO00003757,P01,P01_L01,M002,B,2026-06-05 14:45:00,2026-06-05 15:06:00,21,Planned,Changeover
DT00002217,WO00003011,P03,P03_L01,M028,C,2026-05-05 22:36:00,2026-05-05 23:04:00,28,Planned,Preventive Maintenance
DT00000867,WO00001127,P01,P01_L03,M009,A,2026-02-17 06:40:00,2026-02-17 07:05:00,25,Unplanned,Sensor/Controls Fault
DT00000347,WO00000453,P01,P01_L01,M002,C,2026-01-20 23:12:00,2026-01-21 00:26:00,74,Unplanned,Quality Hold
DT00002728,WO00003690,P02,P02_L03,M022,A,2026-06-02 06:37:00,2026-06-02 06:56:00,19,Planned,Cleaning/Sanitation
DT00000175,WO00000228,P02,P02_L03,M022,C,2026-01-10 22:21:00,2026-01-10 22:33:00,12,Planned,Changeover
DT00000941,WO00001245,P03,P03_L03,M033,A,2026-02-21 06:45:00,2026-02-21 07:10:00,25,Unplanned,Sensor/Controls Fault
DT00001531,WO00002046,P02,P02_L03,M023,B,2026-03-26 14:28:00,2026-03-26 14:48:00,20,Planned,Changeover
DT00000056,WO00000087,P01,P01_L01,M003,B,2026-01-05 14:21:00,2026-01-05 14:46:00,25,Unplanned,Mechanical Failure
DT00002480,WO00003348,P02,P02_L01,M016,B,2026-05-19 14:32:00,2026-05-19 14:50:00,18,Planned,Changeover
DT00002034,WO00002742,P01,P01_L02,M005,B,2026-04-24 15:47:00,2026-04-24 16:20:00,-15,Unplanned,Electrical Fault
DT00000277,WO00000364,P01,P01_L02,M006,A,2026-01-16 06:43:00,2026-01-16 07:16:00,33,Planned,Preventive Maintenance
DT00002449,WO00003311,P01,P01_L01,M003,A,2026-05-18 06:36:00,2026-05-18 07:01:00,25,Planned,Changeover
DT00000651,WO00000832,P02,P02_L03,M021,B,2026-02-04 14:15:00,2026-02-04 14:42:00,27,Planned,Preventive Maintenance
DT00001757,WO00002350,P01,P01_L02,M008,A,2026-04-08 07:21:00,2026-04-08 07:30:00,9,Unplanned,Mechanical Failure
DT00000751,WO00000979,P03,P03_L02,M030,B,2026-02-10 14:20:00,2026-02-10 14:44:00,24,Unplanned,Sensor/Controls Fault
DT00000922,WO00001214,P02,P02_L02,M017,A,2026-02-20 06:11:00,2026-02-20 06:26:00,15,Unplanned,Electrical Fault
DT00000670,WO00000859,P02,P02_L03,M022,B,2026-02-05 14:31:00,2026-02-05 14:39:00,8,Unplanned,Mechanical Failure
DT00001334,WO00001786,P01,P01_L03,M010,C,2026-03-16 22:18:00,2026-03-16 22:41:00,23,Unplanned,Mechanical Failure
DT00000666,WO00000852,P02,P02_L01,M013,A,2026-02-05 06:40:00,2026-02-05 06:54:00,14,Unplanned,Material Starvation
DT00002069,WO00002800,P01,P01_L01,M003,C,2026-04-27 22:45:00,2026-04-27 23:05:00,20,Planned,Changeover
DT00000190,WO00000244,P02,P02_L01,M016,C,2026-01-11 22:23:00,2026-01-11 22:50:00,27,Planned,Preventive Maintenance
DT00001936,WO00002586,P02,P02_L03,M022,C,2026-04-17 22:44:00,2026-04-17 23:23:00,39,Planned,Planned Inspection
DT00002637,WO00003581,P03,P03_L01,M028,C,2026-05-28 22:17:00,2026-05-28 22:58:00,41,Planned,Cleaning/Sanitation
DT00000002,WO00000002,P01,P01_L01,M002,B,2026-01-01 14:11:00,2026-01-01 14:48:00,37,Planned,Changeover
DT00000354,WO00000461,P02,P02_L01,M016,B,2026-01-20 14:16:00,2026-01-20 14:45:00,29,Unplanned,Material Starvation
DT00002849,WO00003851,P01,P01_L02,M006,B,2026-06-09 14:47:00,2026-06-09 15:22:00,35,Planned,Changeover
DT00002309,WO00003137,P01,P01_L01,M001,B,2026-05-11 14:38:00,2026-05-11 15:29:00,51,Unplanned,Electrical Fault
DT00002888,WO00003904,P01,P01_L02,M008,A,2026-06-11 06:44:00,2026-06-11 07:24:00,40,Planned,Changeover
DT00000136,WO00000188,P03,P03_L02,M031,A,2026-01-08 06:21:00,2026-01-08 07:11:00,50,Planned,Preventive Maintenance
DT00002962,WO00004011,P03,P03_L02,M032,A,2026-06-15 06:12:00,2026-06-15 07:02:00,50,Planned,Changeover
DT00003071,WO00004157,P03,P03_L01,M028,B,2026-06-21 15:39:00,2026-06-21 16:05:00,26,Unplanned,Material Starvation
DT00000897,WO00001181,P01,P01_L03,M009,A,2026-02-19 06:41:00,2026-02-19 07:11:00,30,Planned,Cleaning/Sanitation
DT00000976,WO00001288,P03,P03_L02,M029,B,2026-02-23 14:49:00,2026-02-23 15:34:00,45,Planned,Changeover
DT00000691,WO00000888,P03,P03_L01,M027,A,2026-02-06 06:25:00,2026-02-06 07:11:00,46,Unplanned,Sensor/Controls Fault
DT00002118,WO00002871,P03,P03_L01,M027,B,2026-04-29 14:20:00,2026-04-29 14:59:00,39,Unplanned,Quality Hold
DT00002903,WO00003919,P03,P03_L01,M025,A,2026-06-11 06:30:00,2026-06-11 06:39:00,9,Unplanned,Electrical Fault
DT00002710,WO00003670,P03,P03_L02,M031,B,2026-06-01 14:34:00,2026-06-01 15:05:00,31,Planned,Preventive Maintenance
DT00003182,WO00004325,P03,P03_L01,M027,B,2026-06-28 14:22:00,2026-06-28 14:43:00,21,Unplanned,Mechanical Failure
DT00003202,WO00004350,P03,P03_L01,M028,C,2026-06-29 23:43:00,2026-06-30 00:10:00,27,Unplanned,Mechanical Failure
DT00000184,WO00000237,P01,P01_L01,M001,C,2026-01-11 22:30:00,2026-01-11 23:35:00,65,Planned,Cleaning/Sanitation
DT00002769,WO00003746,P02,P02_L03,M022,C,2026-06-04 22:12:00,2026-06-04 22:45:00,33,Planned,Changeover
DT00001102,WO00001473,P02,P02_L01,M015,A,2026-03-03 07:18:00,2026-03-03 07:49:00,31,Unplanned,Mechanical Failure
DT00002351,WO00003182,P03,P03_L01,M025,B,2026-05-12 15:10:00,2026-05-12 15:31:00,21,Unplanned,Mechanical Failure
DT00000524,WO00000665,P03,P03_L01,M027,C,2026-01-28 22:41:00,2026-01-28 23:24:00,43,Planned,Planned Inspection
DT00001414,WO00001886,P01,P01_L01,M004,A,2026-03-20 06:37:00,2026-03-20 07:00:00,23,Planned,Preventive Maintenance
DT00000168,WO00000221,P01,P01_L01,M003,C,2026-01-10 22:24:00,2026-01-10 23:14:00,50,Planned,Changeover
DT00003149,WO00004270,P01,P01_L01,M001,A,2026-06-26 06:15:00,2026-06-26 06:49:00,34,Planned,Preventive Maintenance
DT00002330,WO00003161,P03,P03_L03,M036,B,2026-05-11 14:38:00,2026-05-11 15:21:00,43,Planned,Changeover
DT00001942,WO00002593,P03,P03_L03,M034,A,2026-04-17 06:28:00,2026-04-17 07:08:00,40,Planned,Changeover
DT00001267,WO00001694,P01,P01_L02,M007,C,2026-03-12 22:14:00,2026-03-12 22:42:00,28,Planned,Preventive Maintenance
DT00001567,WO00002098,P03,P03_L02,M032,B,2026-03-28 14:46:00,2026-03-28 15:35:00,49,Planned,Changeover
DT00002742,WO00003706,P01,P01_L02,M006,B,2026-06-03 14:21:00,2026-06-03 14:49:00,28,Planned,Preventive Maintenance
DT00001304,WO00001751,P02,P02_L01,M016,B,2026-03-14 15:07:00,2026-03-14 15:18:00,11,Unplanned,Operator Adjustment
DT00000842,WO00001094,P01,P01_L01,M001,A,2026-02-16 06:47:00,2026-02-16 07:19:00,32,Planned,Planned Inspection
DT00001499,WO00002001,P03,P03_L03,M033,B,2026-03-24 14:27:00,2026-03-24 15:02:00,35,Unplanned,Mechanical Failure
DT00001747,WO00002335,P02,P02_L03,M024,A,2026-04-07 06:32:00,2026-04-07 07:19:00,47,Unplanned,Sensor/Controls Fault
DT00002457,WO00003321,P02,P02_L01,M014,B,2026-05-18 14:22:00,2026-05-18 14:48:00,26,Planned,Preventive Maintenance
DT00002176,WO00002947,P01,P01_L01,M003,A,2026-05-03 06:19:00,2026-05-03 06:44:00,25,Planned,Cleaning/Sanitation
DT00002829,WO00003827,P01,P01_L03,M010,B,2026-06-08 14:34:00,2026-06-08 15:06:00,32,Unplanned,Mechanical Failure
DT00001647,WO00002199,P03,P03_L03,M033,A,2026-04-01 06:35:00,2026-04-01 06:56:00,21,Unplanned,Electrical Fault
DT00001719,WO00002298,P01,P01_L02,M008,C,2026-04-06 22:22:00,2026-04-06 22:40:00,18,Planned,Planned Inspection
DT00002680,WO00003630,P03,P03_L02,M031,B,2026-05-30 15:52:00,2026-05-30 17:01:00,69,Unplanned,Electrical Fault
DT00001744,WO00002332,P02,P02_L02,M017,A,2026-04-07 06:35:00,2026-04-07 07:02:00,27,Planned,Preventive Maintenance
DT00000593,WO00000764,P01,P01_L01,M004,C,2026-02-02 22:42:00,2026-02-02 23:07:00,25,Unplanned,Operator Adjustment
DT00001755,WO00002347,P01,P01_L01,M003,A,2026-04-08 06:44:00,2026-04-08 07:31:00,47,Planned,Cleaning/Sanitation
DT00002475,WO00003343,P01,P01_L02,M007,C,2026-05-19 22:10:00,2026-05-19 22:35:00,25,Unplanned,Electrical Fault
DT00002365,WO00003200,P02,P02_L01,M016,B,2026-05-13 15:06:00,2026-05-13 15:31:00,25,Unplanned,Electrical Fault
DT00001355,WO00001809,P01,P01_L02,M008,B,2026-03-17 14:20:00,2026-03-17 15:03:00,43,Planned,Changeover
DT00000638,WO00000819,P01,P01_L02,M008,A,2026-02-04 06:39:00,2026-02-04 06:57:00,18,Planned,Preventive Maintenance
DT00002537,WO00003435,P02,P02_L03,M021,B,2026-05-22 14:23:00,2026-05-22 14:43:00,20,Planned,Preventive Maintenance
DT00002531,WO00003419,P01,P01_L01,M001,A,2026-05-22 06:38:00,2026-05-22 07:31:00,53,Planned,Changeover
DT00002012,WO00002711,P01,P01_L01,M003,A,2026-04-23 06:42:00,2026-04-23 06:51:00,9,Unplanned,Sensor/Controls Fault
DT00002335,WO00003169,P01,P01_L03,M012,A,2026-05-12 06:21:00,2026-05-12 06:41:00,20,Planned,Cleaning/Sanitation
DT00000983,WO00001301,P01,P01_L03,M011,C,2026-02-24 22:29:00,2026-02-24 22:49:00,20,Planned,Changeover
DT00001157,WO00001541,P03,P03_L02,M031,C,2026-03-05 22:36:00,2026-03-05 22:57:00,21,Planned,Cleaning/Sanitation
DT00000279,WO00000367,P01,P01_L03,M011,A,2026-01-16 06:24:00,2026-01-16 07:01:00,37,Unplanned,Utility Interruption
DT00000985,WO00001304,P02,P02_L01,M013,C,2026-02-24 22:31:00,2026-02-24 22:50:00,19,Unplanned,Sensor/Controls Fault
DT00000674,WO00000862,P03,P03_L01,M027,B,2026-02-05 14:35:00,2026-02-05 15:14:00,39,Planned,Changeover
DT00000405,WO00000520,P02,P02_L03,M023,A,2026-01-22 06:15:00,2026-01-22 06:45:00,30,Planned,Changeover
DT00000330,WO00000427,P01,P01_L02,M005,A,2026-01-19 06:32:00,2026-01-19 07:17:00,45,Planned,Changeover
DT00002452,WO00003314,P01,P01_L02,M006,A,2026-05-18 06:38:00,2026-05-18 06:59:00,21,Planned,Preventive Maintenance
DT00001554,WO00002085,P01,P01_L01,M004,B,2026-03-28 14:45:00,2026-03-28 15:12:00,27,Planned,Planned Inspection
DT00000904,WO00001192,P02,P02_L03,M021,C,2026-02-19 22:22:00,2026-02-19 22:54:00,32,Planned,Preventive Maintenance
DT00001777,WO00002370,P03,P03_L02,M031,C,2026-04-08 22:40:00,2026-04-08 22:58:00,18,Unplanned,Material Starvation
DT00000714,WO00000915,P03,P03_L03,M036,B,2026-02-07 14:22:00,2026-02-07 14:43:00,21,Unplanned,Utility Interruption
DT00002197,WO00002982,P03,P03_L01,M026,A,2026-05-04 06:24:00,2026-05-04 06:43:00,19,Planned,Changeover
DT00003022,WO00004092,P03,P03_L02,M029,A,2026-06-18 06:35:00,2026-06-18 06:56:00,21,Unplanned,Mechanical Failure
DT00000044,WO00000067,P03,P03_L03,M036,B,2026-01-03 14:21:00,2026-01-03 14:33:00,12,Planned,Changeover
DT00002240,WO00003041,P03,P03_L02,M029,C,2026-05-06 23:10:00,2026-05-07 00:00:00,50,Unplanned,Quality Hold
DT00001780,WO00002374,P01,P01_L01,M001,A,2026-04-09 06:50:00,2026-04-09 08:22:00,92,Unplanned,Material Starvation
DT00000830,WO00001077,P01,P01_L02,M008,C,2026-02-15 22:21:00,2026-02-15 22:59:00,38,Planned,Changeover
DT00000377,WO00000484,P01,P01_L03,M009,A,2026-01-21 06:46:00,2026-01-21 07:16:00,30,Planned,Cleaning/Sanitation
DT00000695,WO00000890,P03,P03_L01,M027,C,2026-02-06 22:20:00,2026-02-06 22:58:00,38,Planned,Changeover
DT00001476,WO00001964,P02,P02_L03,M023,A,2026-03-23 06:36:00,2026-03-23 07:04:00,28,Planned,Preventive Maintenance
DT00001692,WO00002259,P01,P01_L02,M006,A,2026-04-04 06:33:00,2026-04-04 06:54:00,21,Planned,Changeover
DT00002885,WO00003901,P01,P01_L01,M001,A,2026-06-11 06:47:00,2026-06-11 07:10:00,23,Planned,Changeover
DT00001821,WO00002420,P03,P03_L01,M026,B,2026-04-10 14:16:00,2026-04-10 14:35:00,19,Unplanned,Quality Hold
DT00003038,WO00004104,P01,P01_L03,M011,A,2026-06-19 06:50:00,2026-06-19 07:15:00,25,Unplanned,Material Starvation
DT00002393,WO00003250,P01,P01_L03,M010,A,2026-05-15 06:38:00,2026-05-15 06:59:00,21,Planned,Changeover
DT00000099,WO00000138,P03,P03_L03,M035,B,2026-01-06 14:32:00,2026-01-06 14:58:00,26,Planned,Planned Inspection
DT00002929,WO00003967,P03,P03_L01,M025,B,2026-06-13 14:13:00,2026-06-13 14:28:00,15,Unplanned,Mechanical Failure
DT00001524,WO00002036,P01,P01_L03,M011,A,2026-03-26 06:43:00,2026-03-26 07:11:00,28,Planned,Cleaning/Sanitation
DT00000736,WO00000946,P02,P02_L03,M022,B,2026-02-09 14:34:00,2026-02-09 14:49:00,15,Planned,Changeover
DT00001085,WO00001457,P03,P03_L01,M025,C,2026-03-02 22:28:00,2026-03-02 22:33:00,5,Unplanned,Quality Hold
DT00002156,WO00002921,P02,P02_L03,M021,A,2026-05-01 06:11:00,2026-05-01 06:40:00,29,Planned,Changeover
DT00001434,WO00001904,P03,P03_L01,M028,A,2026-03-20 07:29:00,2026-03-20 08:05:00,36,Unplanned,Electrical Fault
DT00002510,WO00003390,P03,P03_L03,M035,B,2026-05-20 14:47:00,2026-05-20 15:21:00,34,Unplanned,Operator Adjustment
DT00001717,WO00002291,P03,P03_L03,M036,B,2026-04-05 14:55:00,2026-04-05 15:05:00,10,Unplanned,Electrical Fault
DT00002701,WO00003661,P02,P02_L02,M020,B,2026-06-01 14:36:00,2026-06-01 14:56:00,20,Planned,Cleaning/Sanitation
DT00001214,WO00001635,P01,P01_L01,M001,A,2026-03-10 06:16:00,2026-03-10 06:56:00,40,Planned,Changeover
DT00000084,WO00000121,P01,P01_L03,M012,C,2026-01-06 22:37:00,2026-01-06 23:10:00,33,Unplanned,Utility Interruption
DT00000984,WO00001303,P02,P02_L01,M013,B,2026-02-24 14:38:00,2026-02-24 15:08:00,30,Unplanned,Mechanical Failure
DT00000098,WO00000137,P03,P03_L03,M034,A,2026-01-06 06:45:00,2026-01-06 07:12:00,27,Unplanned,Material Starvation
DT00003021,WO00004087,P02,P02_L03,M022,B,2026-06-18 14:44:00,2026-06-18 15:25:00,41,Planned,Changeover
DT00002164,WO00002933,P01,P01_L01,M004,A,2026-05-02 06:37:00,2026-05-02 07:04:00,27,Planned,Preventive Maintenance
DT00001522,WO00002029,P03,P03_L03,M034,C,2026-03-25 23:19:00,2026-03-25 23:53:00,34,Unplanned,Mechanical Failure
DT00003026,WO00004095,P03,P03_L03,M036,A,2026-06-18 06:32:00,2026-06-18 07:22:00,50,Planned,Planned Inspection
DT00003120,WO00004231,P02,P02_L03,M022,A,2026-06-24 06:33:00,2026-06-24 07:05:00,32,Unplanned,Sensor/Controls Fault
DT00002652,WO00003600,P02,P02_L02,M020,A,2026-05-29 06:43:00,2026-05-29 07:09:00,26,Planned,Changeover
DT00002723,WO00003684,P02,P02_L01,M014,A,2026-06-02 07:36:00,2026-06-02 08:01:00,25,Unplanned,Electrical Fault
DT00000238,WO00000308,P01,P01_L01,M002,B,2026-01-14 14:29:00,2026-01-14 15:41:00,72,Unplanned,Electrical Fault
DT00001644,WO00002196,P03,P03_L02,M031,A,2026-04-01 06:36:00,2026-04-01 07:08:00,32,Planned,Changeover
DT00000960,WO00001262,P03,P03_L02,M032,B,2026-02-22 14:42:00,2026-02-22 15:05:00,23,Unplanned,Quality Hold
DT00001725,WO00002302,P02,P02_L01,M016,A,2026-04-06 06:53:00,2026-04-06 07:18:00,25,Unplanned,Operator Adjustment
DT00002964,WO00004014,P03,P03_L03,M033,A,2026-06-15 06:34:00,2026-06-15 07:27:00,53,Planned,Preventive Maintenance
DT00001814,WO00002411,P02,P02_L01,M013,B,2026-04-10 15:27:00,2026-04-10 15:42:00,15,Unplanned,Material Starvation
DT00002468,WO00003336,P03,P03_L03,M036,B,2026-05-18 14:23:00,2026-05-18 14:45:00,22,Planned,Planned Inspection
DT00002322,WO00003154,P03,P03_L01,M027,A,2026-05-11 08:42:00,2026-05-11 10:38:00,116,Unplanned,Mechanical Failure
DT00001720,WO00002299,P01,P01_L03,M011,A,2026-04-06 06:21:00,2026-04-06 06:41:00,20,Unplanned,Quality Hold
DT00001121,WO00001500,P02,P02_L01,M015,A,2026-03-04 06:21:00,2026-03-04 06:56:00,35,Planned,Changeover
DT00002611,WO00003550,P02,P02_L03,M024,B,2026-05-27 14:24:00,2026-05-27 14:38:00,14,Unplanned,Electrical Fault
DT00001426,WO00001897,P02,P02_L01,M016,C,2026-03-20 22:12:00,2026-03-20 22:47:00,35,Planned,Changeover
DT00003080,WO00004174,P02,P02_L02,M018,A,2026-06-22 06:40:00,2026-06-22 07:13:00,33,Planned,Preventive Maintenance
DT00001509,WO00002013,P02,P02_L01,M013,B,2026-03-25 14:18:00,2026-03-25 14:52:00,34,Planned,Cleaning/Sanitation
DT00001301,WO00001744,P01,P01_L01,M002,B,2026-03-14 14:17:00,2026-03-14 14:47:00,30,Planned,Cleaning/Sanitation
DT00002151,WO00002913,P01,P01_L03,M011,B,2026-05-01 14:37:00,2026-05-01 14:57:00,20,Unplanned,Material Starvation
DT00001082,WO00001448,P02,P02_L01,M015,C,2026-03-02 22:16:00,2026-03-02 23:07:00,-15,Planned,Preventive Maintenance
DT00000236,WO00000305,P03,P03_L03,M036,B,2026-01-13 14:24:00,2026-01-13 14:50:00,26,Planned,Changeover
DT00000124,WO00000168,P01,P01_L01,M001,B,2026-01-08 14:13:00,2026-01-08 14:41:00,28,Planned,Changeover
DT00002797,WO00003786,P01,P01_L03,M009,A,2026-06-06 06:25:00,2026-06-06 07:40:00,75,Unplanned,Operator Adjustment
DT00001534,WO00002051,P03,P03_L02,M030,A,2026-03-26 06:33:00,2026-03-26 06:53:00,20,Planned,Changeover
DT00001376,WO00001833,P01,P01_L01,M001,B,2026-03-18 14:45:00,2026-03-18 15:38:00,53,Planned,Preventive Maintenance
DT00001213,WO00001633,P03,P03_L03,M035,B,2026-03-09 14:47:00,2026-03-09 15:04:00,17,Planned,Preventive Maintenance
