production_id,work_order_id,production_date,shift_id,plant_id,line_id,product_id,scheduled_minutes,planned_downtime_minutes,unplanned_downtime_minutes,operating_minutes,ideal_rate_units_per_hour,total_units,good_units,scrap_units,actual_run_rate_units_per_hour
PR00002702,WO00002702,2026-04-22,A,P03,P03_L01,SKU001,480,0,20,460,49.793,359,350,9,46.826
PR00001429,WO00001429,2026-03-01,C,P02,P02_L01,SKU002,480,25,0,455,48.8,276,266,10,36.396
PR00002656,WO00002656,2026-04-20,C,P03,P03_L03,SKU001,480,0,0,480,49.793,331,325,6,41.375
PR00002423,WO00002423,2026-04-10,B,P03,P03_L02,SKU001,480,18,0,462,49.793,324,317,7,42.078
PR00003952,WO00003952,2026-06-12,A,P03,P03_L03,SKU001,480,0,0,480,49.793,346,339,7,43.25
PR00002380,WO00002380,2026-04-09,A,P01,P01_L03,SKU004,480,0,16,464,56.693,385,369,16,49.784
PR00004271,WO00004271,2026-06-26,B,P01,P01_L01,SKU001,480,34,0,446,49.793,324,316,8,43.587
PR00000346,WO00000346,2026-01-15,A,P02,P02_L02,SKU006,480,0,0,480,54.878,402,392,10,50.25
PR00002879,WO00002879,2026-04-30,A,P01,,SKU001,480,0,80,400,49.793,292,284,8,43.8
PR00003420,WO00003420,2026-05-22,B,P01,P01_L01,SKU001,480,25,0,455,49.793,328,319,9,43.253
PR00002346,WO00002346,2026-04-07,C,P03,P03_L03,SKU004,480,57,0,423,56.693,329,318,11,46.667
PR00002001,WO00002001,2026-03-24,B,P03,P03_L03,SKU003,480,0,35,445,58.1,385,377,8,51.91
PR00001079,WO00001079,2026-02-15,B,P01,P01_L03,SKU003,480,0,0,480,61.962,447,439,8,55.875
PR00002586,WO00002586,2026-04-17,C,P02,P02_L03,SKU007,480,39,0,441,47.0,286,280,6,38.912
PR00004134,WO00004134,2026-06-20,C,P02,P02_L02,SKU004,480,51,0,429,55.9,328,316,12,45.874
PR00004071,WO00004071,2026-06-18,A,P01,P01_L01,SKU005,480,34,0,446,50.42,340,333,345,45.74
PR00003171,WO00003171,2026-05-12,C,P01,P01_L03,SKU007,480,27,0,453,74.2,493,487,6,65.298
PR00000730,WO00000730,2026-01-31,C,P01,P01_L03,SKU003,480,0,0,480,61.962,438,427,11,54.75
PR00001499,WO00001499,2026-03-04,C,P01,P01_L03,SKU003,480,0,0,480,61.962,423,412,11,52.875
PR00001917,WO00001917,2026-03-21,C,P01,P01_L02,SKU008,480,28,0,452,60.302,371,364,7,49.248
PR00001633,WO00001633,2026-03-09,B,P03,P03_L03,SKU007,480,17,0,463,58.1,390,386,4,50.54
PR00000285,WO00000285,2026-01-13,C,P01,P01_L02,SKU001,480,22,0,458,49.793,332,324,8,43.493
PR00000799,WO00000799,2026-02-03,B,P02,P02_L01,SKU003,480,23,0,457,48.8,335,324,11,43.982
PR00002692,WO00002692,2026-04-22,C,P01,P01_L03,SKU003,480,36,0,444,61.962,388,379,9,52.432
PR00004139,WO00004139,2026-06-20,B,P03,P03_L02,SKU008,480,31,0,449,56.6,343,339,4,45.835
PR00002104,WO00002104,2026-03-29,B,P01,P01_L01,SKU008,480,0,0,480,60.302,442,436,6,55.25
PR00003837,WO00003837,2026-06-08,C,P02,P02_L03,SKU007,480,0,19,461,47.0,291,287,4,37.874
PR00001794,WO00001794,2026-03-16,B,P02,P02_L03,SKU007,480,24,35,421,47.0,300,296,4,42.755
PR00002828,WO00002828,2026-04-28,A,P01,P01_L02,SKU002,480,0,0,480,65.2,461,444,17,57.625
PR00003854,WO00003854,2026-06-09,B,P01,P01_L03,SKU007,480,31,0,449,74.2,495,483,12,66.147
PR00003810,WO00003810,2026-06-07,C,P02,P02_L01,SKU003,480,0,0,480,48.8,324,316,8,40.5
PR00000401,WO00000401,2026-01-17,C,P03,P03_L01,SKU007,480,0,28,452,57.7,375,372,3,49.779
PR00001109,WO00001109,2026-02-16,A,P02,P02_L03,SKU007,480,0,0,480,47.0,360,353,7,45.0
PR00000579,WO00000579,2026-01-25,C,P01,P01_L03,SKU003,480,17,0,463,61.962,383,375,8,49.633
PR00003508,WO00003508,2026-05-26,B,P01,P01_L01,SKU008,480,0,12,468,60.302,403,396,7,51.667
PR00000654,WO00000654,2026-01-28,A,P02,P02_L01,SKU004,480,0,28,452,48.8,323,314,9,42.876
PR00001579,WO00001579,2026-03-07,B,P02,P02_L01,SKU003,480,0,0,480,48.8,344,336,8,43.0
PR00000195,WO00000195,2026-01-09,B,P01,P01_L01,SKU004,480,0,15,465,56.693,373,359,14,48.129
PR00003389,WO00003389,2026-05-20,A,P03,P03_L03,SKU003,480,0,0,480,58.1,407,398,9,50.875
PR00004193,WO00004193,2026-06-23,B,P01,P01_L02,SKU006,480,0,17,463,54.878,401,388,13,51.965
PR00002274,WO00002274,2026-04-04,C,P03,P03_L03,SKU001,480,0,0,480,49.793,336,328,8,42.0
PR00001859,WO00001859,2026-03-19,A,P01,P01_L01,SKU002,480,26,0,454,69.9,472,454,18,62.379
PR00002746,WO00002746,2026-04-24,C,P01,P01_L03,SKU008,480,0,0,480,60.302,403,399,4,50.375
PR00004268,WO00004268,2026-06-25,B,P03,P03_L03,SKU003,480,0,0,480,58.1,436,425,11,54.5
PR00002740,WO00002740,2026-04-24,C,P01,P01_L01,SKU007,480,62,0,418,69.9,418,413,5,60.0
PR00000475,WO00000475,2026-01-20,A,P03,P03_L03,SKU003,480,17,45,418,58.1,387,379,8,55.55
PR00001963,WO00001963,2026-03-23,C,P02,P02_L02,SKU002,480,0,0,480,55.9,363,351,12,45.375
PR00001546,WO00001546,2026-03-06,B,P01,P01_L01,SKU004,480,18,0,462,56.693,349,333,16,45.325
PR00004061,WO00004061,2026-06-17,C,P02,P02_L03,SKU001,480,33,0,447,47.0,289,281,8,38.792
PR00003617,WO00003617,2026-05-30,A,P01,P01_L02,SKU004,480,37,0,443,56.693,371,354,17,50.248
PR00002563,WO00002563,2026-04-16,A,P03,P03_L02,SKU008,480,0,0,480,56.6,384,380,4,48.0
PR00003664,WO00003664,2026-06-01,B,P02,P02_L03,SKU003,480,19,59,402,47.0,275,268,7,41.045
PR00000896,WO00000896,2026-02-06,C,P03,P03_L03,SKU001,480,0,0,480,49.793,337,329,8,42.125
PR00001598,WO00001598,2026-03-08,B,P02,P02_L02,SKU002,480,0,0,480,55.9,369,356,13,46.125
PR00000841,WO00000841,2026-02-04,B,P03,P03_L03,SKU004,480,0,5,475,56.693,405,391,14,51.158
PR00004200,WO00004200,2026-06-23,C,P02,P02_L01,SKU003,480,19,0,461,48.8,330,323,7,42.95
PR00003139,WO00003139,2026-05-11,A,P01,P01_L02,SKU001,480,23,0,457,49.793,352,342,10,46.214
PR00001912,WO00001912,2026-03-20,C,P03,P03_L03,SKU001,480,0,13,467,49.793,336,328,8,43.169
PR00003905,WO00003905,2026-06-11,B,P01,P01_L02,SKU006,480,0,0,480,54.878,420,406,14,52.5
PR00003351,WO00003351,2026-05-19,B,P02,P02_L02,SKU008,480,27,23,430,55.9,358,352,6,49.953
PR00002611,WO00002611,2026-04-18,B,P03,P03_L02,SKU001,480,23,0,457,49.793,311,304,7,40.832
PR00001728,WO00001728,2026-03-13,A,P02,P02_L02,SKU002,480,0,8,472,55.9,376,363,13,47.797
PR00004330,WO00004330,2026-06-29,A,P01,P01_L01,SKU002,480,67,0,413,69.9,412,396,16,59.855
PR00003111,WO00003111,2026-05-09,C,P02,P02_L03,SKU007,480,0,17,463,47.0,290,284,6,37.581
PR00003460,WO00003460,2026-05-23,B,P03,P03_L03,SKU004,480,0,0,480,56.693,406,392,14,50.75
PR00002225,WO00002225,2026-04-02,C,P03,P03_L02,SKU002,480,0,0,480,56.6,350,337,13,43.75
PR00001512,WO00001512,2026-03-04,A,P03,P03_L02,SKU001,480,0,0,480,49.793,349,342,7,43.625
PR00002328,WO00002328,2026-04-07,C,P01,P01_L03,SKU003,480,0,19,461,61.962,409,400,9,53.232
PR00000604,WO00000604,2026-01-26,B,P02,P02_L02,SKU002,480,0,0,480,55.9,371,358,13,46.375
PR00000758,WO00000758,2026-02-01,B,P03,P03_L02,SKU006,480,0,0,480,54.878,409,398,11,51.125
PR00001771,WO00001771,2026-03-15,B,P02,P02_L02,SKU002,480,0,0,480,55.9,372,359,13,46.5
PR00004209,WO00004209,2026-06-23,C,P03,P03_L01,SKU004,480,24,0,456,56.693,377,364,13,49.605
PR00002348,WO00002348,2026-04-08,B,P01,P01_L01,SKU005,480,0,0,480,50.42,334,327,7,41.75
PR00003799,WO00003799,2026-06-06,C,P03,P03_L02,SKU006,480,0,0,480,54.878,391,380,11,48.875
PR00000514,WO00000514,2026-01-22,A,P02,P02_L01,SKU006,480,33,0,447,48.8,336,326,10,45.101
PR00001052,WO00001052,2026-02-13,C,P02,P02_L02,SKU002,480,49,0,431,55.9,323,310,13,44.965
PR00000774,WO00000774,2026-02-02,A,P02,P02_L02,SKU004,480,0,0,480,55.9,389,376,13,48.625
PR00000869,WO00000869,2026-02-05,C,P03,P03_L03,SKU004,480,40,0,440,56.693,345,334,11,47.045
PR00000601,WO00000601,2026-01-26,B,P02,P02_L01,SKU003,480,34,42,404,48.8,297,290,7,44.109
PR00001609,WO00001609,2026-03-09,B,P01,P01_L01,SKU007,480,0,0,480,69.9,502,494,8,62.75
PR00002190,WO00002190,2026-04-01,A,P02,P02_L03,SKU007,480,29,0,451,47.0,307,302,5,40.843
PR00001391,WO00001391,2026-02-27,C,P02,P02_L03,SKU006,480,0,0,480,47.0,303,293,10,37.875
PR00003481,WO00003481,2026-05-25,B,P01,P01_L01,SKU001,480,25,0,455,49.793,342,333,9,45.099
PR00000359,WO00000359,2026-01-15,B,P03,P03_L03,SKU004,480,0,0,480,56.693,382,367,15,47.75
PR00002696,WO00002696,2026-04-22,A,P02,P02_L02,SKU004,480,0,0,480,55.9,396,382,14,49.5
PR00002379,WO00002379,2026-04-09,C,P01,P01_L02,SKU002,480,34,0,446,65.2,379,363,16,50.987
PR00000714,WO00000714,2026-01-30,A,P02,P02_L03,SKU007,480,0,31,449,47.0,328,323,5,43.831
PR00003754,WO00003754,2026-06-04,B,P03,P03_L03,SKU001,480,39,0,441,49.793,321,312,9,43.673
PR00004281,WO00004281,2026-06-26,C,P02,P02_L01,SKU006,480,0,7,473,48.8,354,341,13,44.905
PR00001806,WO00001806,2026-03-17,B,P01,P01_L01,SKU006,480,0,0,480,54.878,402,389,13,50.25
PR00001152,WO00001152,2026-02-18,B,P01,P01_L02,SKU001,480,0,0,480,49.793,347,334,13,43.375
PR00000163,WO00000163,2026-01-07,C,P03,P03_L02,SKU001,480,0,0,480,49.793,361,351,10,45.125
PR00000916,WO00000916,2026-02-07,C,P03,P03_L03,SKU003,480,25,0,455,58.1,386,377,9,50.901
PR00001137,WO00001137,2026-02-17,B,P02,P02_L03,SKU004,480,31,10,439,47.0,302,291,11,41.276
PR00002291,WO00002291,2026-04-05,B,P03,P03_L03,SKU004,480,29,10,441,56.693,355,341,14,48.299
PR00002155,WO00002155,2026-03-31,B,P01,P01_L03,SKU008,480,53,115,312,60.302,263,257,6,50.577
PR00002531,WO00002531,2026-04-15,B,P02,P02_L03,SKU001,480,47,0,433,47.0,295,289,6,40.878
PR00003829,WO00003829,2026-06-08,A,P02,P02_L01,SKU006,480,0,107,373,48.8,279,270,9,44.879
PR00002741,WO00002741,2026-04-24,A,P01,P01_L02,SKU001,480,53,0,427,49.793,326,317,9,45.808
PR00000728,WO00000728,2026-01-31,C,P01,P01_L02,SKU004,480,26,0,454,56.693,375,359,16,49.559
PR00002643,WO00002643,2026-04-20,B,P02,P02_L02,SKU002,480,52,75,353,55.9,276,266,10,46.912
PR00000719,WO00000719,2026-01-30,C,P03,P03_L01,SKU003,480,30,19,431,57.7,372,362,10,51.787
PR00003733,WO00003733,2026-06-04,B,P01,P01_L02,SKU008,480,0,24,456,60.302,396,388,8,52.105
PR00002058,WO00002058,2026-03-27,B,P01,P01_L01,SKU005,480,0,0,480,50.42,331,322,9,41.375
PR00002674,WO00002674,2026-04-21,C,P02,P02_L03,SKU005,480,0,0,480,47.0,298,291,7,37.25
PR00000306,WO00000306,2026-01-13,C,P03,P03_L03,SKU001,480,22,0,458,49.793,319,311,8,41.79
PR00000855,WO00000855,2026-02-05,A,P02,P02_L02,SKU004,480,0,0,480,55.9,358,348,10,44.75
PR00001821,WO00001821,2026-03-17,B,P02,P02_L03,SKU005,480,0,5,475,47.0,320,311,9,40.421
PR00000379,WO00000379,2026-01-16,A,P03,P03_L01,SKU001,480,0,0,480,49.793,353,346,7,44.125
PR00002472,WO00002472,2026-04-13,C,P02,P02_L01,SKU005,480,0,0,480,48.8,302,295,7,37.75
PR00003444,WO00003444,2026-05-22,B,P03,P03_L03,SKU001,480,31,0,449,49.793,329,323,6,43.964
PR00003290,WO00003290,2026-05-16,B,P03,P03_L03,SKU001,480,28,0,452,49.793,308,300,8,40.885
PR00000668,WO00000668,2026-01-28,C,P03,P03_L02,SKU006,480,0,11,469,54.878,400,389,11,51.173
PR00000232,WO00000232,2026-01-10,B,P03,P03_L02,SKU002,480,0,0,480,56.6,339,327,12,42.375
PR00003234,WO00003234,2026-05-14,C,P02,P02_L03,SKU005,480,0,0,480,47.0,280,271,9,35.0
PR00001909,WO00001909,2026-03-20,C,P03,P03_L02,SKU006,480,0,0,480,54.878,370,358,12,46.25
PR00000761,WO00000761,2026-02-01,B,P03,P03_L03,SKU004,480,0,0,480,56.693,392,379,13,49.0
PR00001180,WO00001180,2026-02-19,C,P01,P01_L02,SKU006,480,0,16,464,54.878,370,356,14,47.845
PR00001292,WO00001292,2026-02-23,C,P03,P03_L03,SKU001,480,0,0,480,49.793,334,325,9,41.75
PR00003773,WO00003773,2026-06-05,C,P02,P02_L03,SKU004,480,0,58,422,47.0,269,260,9,38.246
PR00001382,WO00001382,2026-02-27,C,P01,P01_L03,SKU003,480,0,0,480,61.962,435,426,9,54.375
PR00000695,WO00000695,2026-01-29,C,P03,P03_L02,SKU008,480,56,0,424,56.6,317,312,5,44.858
PR00001931,WO00001931,2026-03-21,B,P03,P03_L03,SKU004,480,31,0,449,56.693,376,363,13,50.245
PR00000487,WO00000487,2026-01-21,A,P02,P02_L01,SKU003,480,19,16,445,48.8,351,344,7,47.326
PR00004146,WO00004146,2026-06-21,A,P01,P01_L02,SKU004,480,0,0,480,56.693,423,411,12,52.875
PR00001372,WO00001372,2026-02-26,B,P03,P03_L03,SKU001,480,0,10,470,49.793,324,318,6,41.362
PR00002817,WO00002817,2026-04-27,B,P03,P03_L01,SKU003,480,0,32,448,57.7,412,404,8,55.179
PR00000326,WO00000326,2026-01-14,B,P03,P03_L01,SKU003,480,19,0,461,57.7,422,416,6,54.924
PR00000416,WO00000416,2026-01-18,B,P02,P02_L02,SKU002,480,0,0,480,55.9,371,358,13,46.375
PR00003476,WO00003476,2026-05-24,C,P03,P03_L02,SKU001,480,0,0,480,49.793,314,305,9,39.25
PR00000768,WO00000768,2026-02-02,A,P01,P01_L03,SKU003,480,0,19,461,61.962,490,478,12,63.774
PR00003862,WO00003862,2026-06-09,A,P02,P02_L03,SKU007,480,0,0,480,47.0,319,315,4,39.875
PR00000434,WO00000434,2026-01-19,B,P02,P02_L01,SKU003,480,27,0,453,48.8,327,320,7,43.311
PR00002015,WO00002015,2026-03-25,A,P02,P02_L02,SKU004,480,0,0,480,55.9,393,380,13,49.125
PR00004236,WO00004236,2026-06-24,C,P03,P03_L01,SKU001,480,0,0,480,49.793,330,324,6,41.25
PR00001263,WO00001263,2026-02-22,C,P03,P03_L02,SKU001,480,0,0,480,49.793,347,337,10,43.375
PR00001033,WO00001033,2026-02-12,B,P03,P03_L02,SKU002,480,28,115,337,56.6,269,260,9,47.893
PR00000706,WO00000706,2026-01-30,B,P01,P01_L03,SKU003,480,28,0,452,61.962,438,426,12,58.142
PR00000049,WO00000049,2026-01-02,A,P03,P03_L02,SKU006,480,0,0,480,54.878,400,390,10,50.0
PR00000736,WO00000736,2026-01-31,B,P02,P02_L03,SKU004,480,0,0,480,47.0,312,301,11,39.0
PR00000493,WO00000493,2026-01-21,A,P02,P02_L03,SKU001,480,19,28,433,47.0,315,305,10,43.649
PR00004091,WO00004091,2026-06-18,C,P03,P03_L01,SKU001,480,0,0,480,49.793,331,322,9,41.375
PR00001941,WO00001941,2026-03-22,C,P02,P02_L03,SKU008,480,0,23,457,47.0,273,268,5,35.842
PR00001947,WO00001947,2026-03-22,A,P03,P03_L03,SKU003,480,25,0,455,58.1,405,397,8,53.407
PR00001210,WO00001210,2026-02-20,C,P01,P01_L03,SKU003,480,40,7,433,61.962,398,391,7,55.15
PR00001442,WO00001442,2026-03-02,C,P01,P01_L02,SKU002,480,16,0,464,65.2,429,411,18,55.474
PR00000440,WO00000440,2026-01-19,B,P02,P02_L03,SKU003,480,23,0,457,47.0,329,323,334,43.195
PR00001145,WO00001145,2026-02-17,A,P03,P03_L03,SKU001,480,0,8,472,49.793,360,352,8,45.763
PR00002966,WO00002966,2026-05-04,C,P01,P01_L01,SKU005,480,0,0,480,50.42,327,318,9,40.875
PR00000052,WO00000052,2026-01-02,A,P03,P03_L03,SKU001,480,18,0,462,49.793,341,333,8,44.286
PR00000702,WO00000702,2026-01-30,A,P01,P01_L02,SKU008,480,52,0,428,60.302,374,367,7,52.43
PR00002262,WO00002262,2026-04-04,A,P02,P02_L01,SKU003,480,54,44,382,48.8,291,283,8,45.707
PR00001643,WO00001643,2026-03-10,C,P01,P01_L03,SKU003,480,38,0,442,61.962,407,398,9,55.249
PR00000595,WO00000595,2026-01-26,B,P01,P01_L02,SKU006,480,32,0,448,54.878,392,379,13,52.5
PR00002092,WO00002092,2026-03-28,C,P02,P02_L01,SKU001,480,0,0,480,48.8,326,317,9,40.75
PR00003553,WO00003553,2026-05-27,B,P03,P03_L01,SKU001,480,0,0,480,49.793,345,338,7,43.125
PR00003165,WO00003165,2026-05-12,C,P01,P01_L01,SKU005,480,0,36,444,50.42,295,287,8,39.865
PR00003119,WO00003119,2026-05-10,B,P01,P01_L02,SKU001,480,27,0,453,49.793,327,319,8,43.311
PR00002318,WO00002318,2026-04-06,B,P03,P03_L03,SKU004,480,33,0,447,56.693,354,344,10,47.517
PR00000741,WO00000741,2026-02-01,A,P01,P01_L01,SKU007,480,0,0,480,69.9,496,483,13,62.0
PR00002994,WO00002994,2026-05-05,A,P01,P01_L02,SKU008,480,16,0,464,60.302,371,361,10,47.974
PR00002124,WO00002124,2026-03-30,A,P01,P01_L02,SKU001,480,0,0,480,49.793,354,343,11,44.25
PR00000211,WO00000211,2026-01-09,C,P02,P02_L03,SKU007,480,0,0,480,47.0,303,298,5,37.875
PR00003090,WO00003090,2026-05-08,A,P03,P03_L01,SKU001,480,0,0,480,49.793,365,357,8,45.625
PR00001732,WO00001732,2026-03-13,B,P02,P02_L03,SKU006,480,71,0,409,47.0,289,280,9,42.396
PR00001911,WO00001911,2026-03-20,B,P03,P03_L03,SKU003,480,0,0,480,58.1,414,405,9,51.75
PR00001282,WO00001282,2026-02-23,B,P02,P02_L03,SKU003,480,0,31,449,47.0,322,317,5,43.029
PR00002421,WO00002421,2026-04-10,C,P03,P03_L01,SKU001,480,0,0,480,49.793,343,333,10,42.875
PR00001078,WO00001078,2026-02-15,A,P01,P01_L03,SKU003,480,23,49,408,61.962,401,388,13,58.971
PR00000733,WO00000733,2026-01-31,A,P02,P02_L02,SKU006,480,0,0,480,54.878,392,380,12,49.0
PR00002305,WO00002305,2026-04-06,A,P02,P02_L02,SKU004,480,0,0,480,55.9,396,383,13,49.5
PR00001470,WO00001470,2026-03-03,A,P01,P01_L03,SKU008,480,0,0,480,60.302,427,422,5,53.375
PR00001562,WO00001562,2026-03-06,C,P02,P02_L03,SKU005,480,0,0,480,47.0,291,281,10,36.375
PR00000638,WO00000638,2026-01-27,C,P03,P03_L01,SKU006,480,0,0,480,54.878,384,372,12,48.0
PR00001645,WO00001645,2026-03-10,B,P02,P02_L01,SKU003,480,0,0,480,48.8,333,325,8,41.625
PR00003037,WO00003037,2026-05-06,B,P03,,SKU001,480,0,0,480,49.793,356,347,9,44.5
PR00002796,WO00002796,2026-04-26,A,P03,P03_L03,SKU004,480,0,10,470,56.693,407,395,12,51.957
PR00003558,WO00003558,2026-05-27,A,P03,P03_L03,SKU004,480,0,0,480,56.693,406,394,12,50.75
PR00003241,WO00003241,2026-05-14,A,P03,P03_L03,SKU001,480,62,0,418,49.793,306,300,6,43.923
PR00003824,WO00003824,2026-06-08,B,P01,P01_L02,SKU008,480,0,0,480,60.302,420,413,7,52.5
PR00001877,WO00001877,2026-03-19,A,P03,P03_L01,SKU001,480,0,0,480,49.793,365,357,8,45.625
PR00001741,WO00001741,2026-03-13,B,P03,P03_L03,SKU004,480,17,26,437,56.693,372,358,14,51.076
PR00003993,WO00003993,2026-06-15,A,P01,P01_L02,SKU003,480,0,0,480,61.962,482,469,13,60.25
PR00002159,WO00002159,2026-03-31,C,P02,P02_L01,SKU003,480,0,0,480,48.8,333,327,6,41.625
PR00003115,WO00003115,2026-05-09,B,P03,P03_L02,SKU006,480,31,0,449,54.878,377,367,10,50.379
PR00002392,WO00002392,2026-04-09,A,P03,P03_L01,SKU001,480,31,9,440,49.793,327,319,8,44.591
PR00003875,WO00003875,2026-06-10,B,P01,P01_L01,SKU005,480,24,21,435,50.42,305,295,10,42.069
PR00003665,WO00003665,2026-06-01,C,P02,P02_L03,SKU001,480,17,14,449,47.0,290,282,8,38.753
PR00000872,WO00000872,2026-02-06,C,P01,P01_L01,SKU007,480,0,0,480,69.9,474,468,6,59.25
PR00000906,WO00000906,2026-02-07,A,P02,P02_L02,SKU002,480,0,65,415,55.9,344,334,10,49.735
PR00002726,WO00002726,2026-04-23,A,P02,P02_L03,SKU007,480,0,0,480,47.0,352,347,5,44.0
PR00003654,WO00003654,2026-06-01,A,P01,P01_L03,SKU008,480,26,0,454,60.302,375,369,6,49.559
PR00002229,WO00002229,2026-04-03,A,P01,P01_L01,SKU004,480,0,7,473,56.693,417,403,14,52.896
PR00002957,WO00002957,2026-05-03,B,P02,P02_L03,SKU004,480,0,0,480,47.0,327,315,12,40.875
PR00000162,WO00000162,2026-01-07,B,P03,P03_L02,SKU006,480,26,0,454,54.878,377,368,9,49.824
PR00002162,WO00002162,2026-03-31,C,P02,P02_L02,SKU004,480,24,0,456,55.9,348,335,13,45.789
PR00001258,WO00001258,2026-02-22,B,P02,P02_L03,SKU003,480,0,62,418,47.0,280,275,5,40.191
PR00000899,WO00000899,2026-02-07,C,P01,P01_L01,SKU004,480,20,28,432,56.693,371,354,17,51.528
PR00003266,WO00003266,2026-05-15,B,P03,P03_L02,SKU006,480,38,0,442,54.878,370,360,10,50.226
PR00003105,WO00003105,2026-05-09,B,P01,P01_L03,SKU002,480,0,0,480,72.0,479,459,20,59.875
PR00003183,WO00003183,2026-05-12,C,P03,P03_L01,SKU003,480,0,18,462,57.7,400,391,9,51.948
PR00000992,WO00000992,2026-02-11,C,P01,P01_L03,SKU006,480,0,0,480,54.878,397,380,17,49.625
PR00001983,WO00001983,2026-03-24,B,P01,P01_L03,SKU008,480,0,0,480,60.302,407,399,8,50.875
PR00004096,WO00004096,2026-06-18,B,P03,P03_L03,SKU001,480,37,0,443,49.793,338,331,7,45.779
PR00003238,WO00003238,2026-05-14,A,P03,P03_L02,SKU002,480,62,0,418,56.6,354,342,12,50.813
PR00000099,WO00000099,2026-01-05,B,P02,P02_L02,SKU006,480,0,42,438,54.878,331,320,11,45.342
PR00003669,WO00003669,2026-06-01,A,P03,P03_L02,SKU006,480,0,74,406,54.878,291,284,7,43.005
PR00001622,WO00001622,2026-03-09,C,P02,P02_L02,SKU004,480,63,0,417,55.9,321,309,12,46.187
PR00004002,WO00004002,2026-06-15,A,P02,P02_L02,SKU004,480,0,0,480,55.9,398,385,13,49.75
PR00003843,WO00003843,2026-06-08,C,P03,P03_L02,SKU006,480,0,53,427,54.878,368,356,12,51.71
PR00001770,WO00001770,2026-03-15,A,P02,P02_L02,SKU002,480,0,0,480,55.9,376,363,13,47.0
PR00003901,WO00003901,2026-06-11,A,P01,P01_L01,SKU001,480,23,0,457,49.793,333,326,7,43.72
PR00001926,WO00001926,2026-03-21,C,P02,P02_L03,SKU003,480,32,0,448,47.0,299,291,8,40.045
PR00000853,WO00000853,2026-02-05,B,P02,P02_L01,SKU003,480,0,0,480,48.8,351,343,8,43.875
PR00000738,WO00000738,2026-01-31,C,P03,P03_L01,SKU003,480,19,32,429,57.7,351,343,8,49.091
PR00000488,WO00000488,2026-01-21,B,P02,P02_L01,SKU001,480,35,0,445,48.8,316,309,7,42.607
PR00004315,WO00004315,2026-06-28,A,P01,P01_L03,SKU003,480,53,0,427,61.962,421,411,10,59.157
PR00000617,WO00000617,2026-01-26,C,P03,P03_L03,SKU004,480,0,0,480,56.693,376,361,15,47.0
PR00002445,WO00002445,2026-04-12,A,P01,P01_L02,SKU002,480,0,0,480,65.2,452,435,17,56.5
PR00002528,WO00002528,2026-04-15,B,P02,P02_L02,SKU002,480,33,0,447,55.9,337,324,13,45.235
PR00002164,WO00002164,2026-03-31,B,P02,P02_L03,SKU007,480,0,0,480,47.0,314,311,3,39.25
PR00003739,WO00003739,2026-06-04,B,P02,P02_L01,SKU001,480,0,0,480,48.8,329,323,6,41.125
PR00001168,WO00001168,2026-02-18,C,P03,P03_L01,SKU001,480,0,0,480,49.793,356,351,5,44.5
PR00002509,WO00002509,2026-04-14,A,P03,P03_L02,SKU001,480,0,0,480,49.793,344,339,5,43.0
PR00000663,WO00000663,2026-01-28,A,P03,P03_L01,SKU004,480,0,0,480,56.693,413,398,15,51.625
PR00000951,WO00000951,2026-02-09,A,P03,P03_L02,SKU008,480,0,0,480,56.6,393,387,6,49.125
PR00003382,WO00003382,2026-05-20,C,P02,P02_L03,SKU007,480,37,0,443,47.0,278,276,2,37.652
PR00003462,WO00003462,2026-05-24,C,P01,P01_L01,SKU005,480,0,0,480,50.42,345,336,9,43.125
PR00004309,WO00004309,2026-06-27,B,P03,P03_L01,SKU001,480,36,89,355,49.793,246,240,6,41.577
PR00002356,WO00002356,2026-04-08,A,P02,P02_L01,SKU003,480,13,165,302,48.8,236,230,6,46.887
PR00002266,WO00002266,2026-04-04,C,P02,P02_L02,SKU004,480,0,0,480,55.9,376,362,14,47.0
PR00002461,WO00002461,2026-04-13,A,P01,P01_L01,SKU001,480,0,0,480,49.793,372,366,6,46.5
PR00001928,WO00001928,2026-03-21,A,P03,P03_L02,SKU005,480,22,0,458,50.42,327,320,7,42.838
PR00001465,WO00001465,2026-03-03,B,P01,P01_L01,SKU005,480,52,27,401,50.42,295,287,8,44.14
PR00001831,WO00001831,2026-03-17,C,P03,P03_L03,SKU004,480,0,33,447,56.693,347,335,12,46.577
PR00002594,WO00002594,2026-04-17,B,P03,P03_L03,SKU003,480,0,0,480,58.1,421,412,9,52.625
PR00003022,WO00003022,2026-05-06,B,P01,P01_L02,SKU003,480,36,17,427,61.962,401,392,9,56.347
PR00000373,WO00000373,2026-01-16,A,P02,P02_L02,SKU006,480,15,0,465,54.878,364,354,10,46.968
PR00001681,WO00001681,2026-03-11,B,P03,P03_L01,SKU001,480,51,0,429,49.793,318,310,8,44.476
PR00000581,WO00000581,2026-01-25,C,P02,P02_L01,SKU008,480,0,0,480,48.8,324,316,8,40.5
PR00002865,WO00002865,2026-04-29,B,P02,P02_L02,SKU002,480,0,40,440,55.9,304,292,12,41.455
PR00000319,WO00000319,2026-01-14,A,P02,P02_L02,SKU002,480,0,12,468,55.9,358,346,12,45.897
PR00001436,WO00001436,2026-03-01,C,P03,P03_L02,SKU001,480,0,56,424,49.793,287,282,5,40.613
PR00003970,WO00003970,2026-06-13,B,P03,P03_L02,SKU008,480,19,0,461,56.6,381,373,8,49.588
PR00001380,WO00001380,2026-02-27,A,P01,P01_L03,SKU003,480,0,0,480,61.962,452,447,5,56.5
PR00000671,WO00000671,2026-01-28,C,P03,P03_L03,SKU001,480,32,0,448,49.793,297,289,8,39.777
PR00001772,WO00001772,2026-03-15,C,P02,P02_L02,SKU006,480,0,0,480,54.878,382,368,14,47.75
PR00000188,WO00000188,2026-01-08,A,P03,P03_L02,SKU006,480,50,0,430,54.878,364,355,9,50.791
PR00001164,WO00001164,2026-02-18,B,P02,P02_L03,SKU007,480,0,0,480,47.0,317,312,5,39.625
PR00001618,WO00001618,2026-03-09,B,P02,P02_L01,SKU003,480,0,23,457,48.8,323,317,6,42.407
PR00003616,WO00003616,2026-05-30,C,P01,P01_L01,SKU005,480,29,0,451,50.42,295,287,8,39.246
PR00003981,WO00003981,2026-06-14,B,P02,P02_L01,SKU003,480,0,0,480,48.8,366,357,9,45.75
PR00003523,WO00003523,2026-05-26,B,P02,P02_L03,SKU001,480,0,0,480,47.0,328,323,5,41.0
PR00003339,WO00003339,2026-05-19,B,P01,P01_L01,SKU007,480,40,0,440,69.9,440,436,4,60.0
PR00003434,WO00003434,2026-05-22,A,P02,P02_L03,SKU007,480,0,0,480,47.0,329,324,5,41.125
PR00002294,WO00002294,2026-04-06,B,P01,P01_L01,SKU007,480,27,0,453,69.9,490,482,8,64.901
PR00000276,WO00000276,2026-01-12,C,P03,P03_L02,SKU001,480,23,0,457,49.793,315,307,8,41.357
PR00001559,WO00001559,2026-03-06,C,P02,P02_L02,SKU003,480,0,0,480,55.9,382,376,6,47.75
PR00001123,WO00001123,2026-02-17,C,P01,P01_L01,SKU007,480,0,0,480,69.9,467,462,5,58.375
PR00001445,WO00001445,2026-03-02,C,P01,P01_L03,SKU003,480,0,0,480,61.962,433,422,11,54.125
PR00000363,WO00000363,2026-01-16,C,P01,P01_L01,SKU005,480,0,38,442,50.42,315,305,10,42.76
PR00003655,WO00003655,2026-06-01,B,P01,P01_L03,SKU003,480,0,7,473,61.962,470,459,11,59.619
PR00003485,WO00003485,2026-05-25,C,P01,P01_L02,SKU004,480,0,0,480,56.693,377,363,14,47.125
PR00000213,WO00000213,2026-01-09,B,P03,P03_L01,SKU003,480,20,0,460,57.7,402,396,6,52.435
PR00003900,WO00003900,2026-06-10,C,P03,P03_L03,SKU004,480,0,16,464,56.693,378,364,14,48.879
PR00001230,WO00001230,2026-02-21,C,P01,P01_L01,SKU001,480,0,27,453,49.793,331,321,10,43.841
PR00001055,WO00001055,2026-02-13,C,P02,P02_L03,SKU007,480,33,0,447,47.0,287,282,5,38.523
PR00003126,WO00003126,2026-05-10,C,P02,P02_L02,SKU002,480,0,0,480,55.9,351,337,14,43.875
PR00000828,WO00000828,2026-02-04,A,P02,P02_L02,SKU006,480,30,0,450,54.878,365,354,11,48.667
PR00001599,WO00001599,2026-03-08,C,P02,P02_L02,SKU008,480,79,0,401,55.9,297,291,6,44.439
PR00000652,WO00000652,2026-01-28,B,P01,P01_L03,SKU003,480,0,0,480,61.962,455,446,9,56.875
PR00003670,WO00003670,2026-06-01,B,P03,P03_L02,SKU006,480,31,0,449,54.878,358,348,10,47.84
PR00001228,WO00001228,2026-02-20,C,P03,P03_L03,SKU003,480,0,0,480,58.1,425,416,9,53.125
PR00003211,WO00003211,2026-05-13,A,P03,P03_L02,SKU002,480,26,0,454,56.6,378,367,11,49.956
PR00002253,WO00002253,2026-04-03,A,P03,P03_L03,SKU002,480,19,0,461,58.1,394,381,13,51.28
PR00001421,WO00001421,2026-02-28,C,P03,P03_L03,SKU003,480,32,29,419,58.1,357,349,8,51.122
PR00002890,WO00002890,2026-04-30,C,P02,P02_L01,SKU005,480,0,21,459,48.8,315,306,9,41.176
PR00002766,WO00002766,2026-04-25,A,P01,P01_L02,SKU006,480,0,15,465,54.878,389,379,10,50.194
PR00002574,WO00002574,2026-04-17,C,P01,P01_L02,SKU004,480,0,65,415,56.693,333,320,13,48.145
PR00002554,WO00002554,2026-04-16,A,P02,P02_L02,SKU001,480,0,0,480,49.793,353,346,7,44.125
PR00001893,WO00001893,2026-03-20,B,P01,P01_L03,SKU003,480,28,0,452,61.962,440,431,9,58.407
PR00003686,WO00003686,2026-06-02,C,P02,P02_L01,SKU003,480,0,0,480,48.8,318,311,7,39.75
PR00000877,WO00000877,2026-02-06,B,P01,P01_L03,SKU005,480,0,0,480,50.42,342,333,9,42.75
PR00001803,WO00001803,2026-03-16,B,P03,P03_L03,SKU003,480,34,0,446,58.1,407,398,9,54.753
PR00003988,WO00003988,2026-06-14,B,P03,P03_L03,SKU003,480,0,0,480,58.1,446,439,7,55.75
PR00001171,WO00001171,2026-02-18,C,P03,P03_L02,SKU002,480,33,10,437,56.6,326,314,12,44.76
PR00003815,WO00003815,2026-06-07,A,P03,P03_L01,SKU003,480,19,0,461,57.7,401,394,7,52.191
PR00002527,WO00002527,2026-04-15,A,P02,P02_L02,SKU002,480,31,52,397,55.9,319,307,12,48.212
PR00000003,WO00000003,2026-01-01,C,P01,P01_L01,SKU005,480,0,0,480,50.42,330,320,10,41.25
PR00003282,WO00003282,2026-05-16,C,P02,P02_L03,SKU005,480,0,0,480,47.0,289,282,7,36.125
PR00002194,WO00002194,2026-04-01,B,P03,P03_L01,SKU004,480,26,0,454,56.693,380,366,14,50.22
PR00000980,WO00000980,2026-02-10,C,P03,P03_L02,SKU004,480,0,0,480,56.6,378,365,13,47.25
PR00002396,WO00002396,2026-04-09,B,P03,P03_L02,SKU001,480,0,13,467,49.793,345,338,7,44.325
PR00000808,WO00000808,2026-02-03,B,P03,P03_L01,SKU003,480,0,4,476,57.7,430,421,9,54.202
PR00001336,WO00001336,2026-02-25,B,P02,P02_L03,SKU007,480,25,9,446,47.0,314,309,5,42.242
PR00003548,WO00003548,2026-05-27,C,P02,P02_L02,SKU004,480,32,0,448,55.9,344,332,12,46.071
PR00003381,WO00003381,2026-05-20,B,P02,P02_L03,SKU003,480,0,0,480,47.0,333,327,6,41.625
PR00000591,WO00000591,2026-01-26,A,P01,P01_L01,SKU002,480,30,23,427,69.9,433,415,18,60.843
PR00001920,WO00001920,2026-03-21,B,P02,P02_L01,SKU003,480,0,0,480,48.8,330,324,6,41.25
PR00000802,WO00000802,2026-02-03,B,P02,P02_L02,SKU002,480,22,20,438,55.9,341,329,12,46.712
PR00001189,WO00001189,2026-02-19,C,P02,P02_L02,SKU004,480,0,0,480,55.9,358,343,15,44.75
PR00002593,WO00002593,2026-04-17,A,P03,P03_L03,SKU001,480,40,0,440,49.793,304,296,8,41.455
PR00000378,WO00000378,2026-01-16,C,P02,P02_L03,SKU007,480,0,0,480,47.0,302,298,4,37.75
PR00001998,WO00001998,2026-03-24,B,P03,P03_L02,SKU006,480,29,0,451,54.878,373,363,10,49.623
PR00003672,WO00003672,2026-06-01,A,P03,P03_L03,SKU001,480,0,39,441,49.793,317,310,7,43.129
PR00000905,WO00000905,2026-02-07,C,P02,P02_L01,SKU005,480,0,0,480,48.8,297,287,10,37.125
PR00001194,WO00001194,2026-02-19,B,P03,P03_L01,SKU003,480,0,13,467,57.7,394,387,7,50.621
PR00000357,WO00000357,2026-01-15,C,P03,P03_L02,SKU006,480,0,0,480,54.878,358,346,12,44.75
PR00000454,WO00000454,2026-01-20,A,P01,P01_L02,SKU003,480,0,37,443,61.962,447,437,10,60.542
PR00000641,WO00000641,2026-01-27,C,P03,P03_L02,SKU002,480,48,100,332,56.6,246,236,10,44.458
PR00003597,WO00003597,2026-05-29,A,P02,P02_L01,SKU006,480,0,0,480,48.8,355,346,9,44.375
PR00002435,WO00002435,2026-04-11,A,P02,P02_L02,SKU002,480,0,73,407,55.9,339,327,12,49.975
PR00002844,WO00002844,2026-04-28,B,P03,P03_L01,SKU006,480,0,0,480,54.878,401,395,6,50.125
PR00001525,WO00001525,2026-03-05,B,P01,P01_L03,SKU003,480,29,0,451,61.962,436,428,8,58.004
PR00003700,WO00003700,2026-06-02,B,P03,P03_L03,SKU003,480,0,0,480,58.1,418,409,9,52.25
PR00003007,WO00003007,2026-05-05,B,P02,P02_L03,SKU003,480,36,0,444,47.0,289,286,3,39.054
PR00001211,WO00001211,2026-02-20,A,P02,P02_L01,SKU003,480,0,0,480,48.8,382,375,7,47.75
PR00002552,WO00002552,2026-04-16,B,P02,P02_L01,SKU001,480,49,0,431,48.8,302,293,9,42.042
PR00002085,WO00002085,2026-03-28,B,P01,P01_L01,SKU007,480,27,0,453,69.9,461,456,5,61.06
PR00002201,WO00002201,2026-04-01,C,P03,P03_L03,SKU004,480,0,0,480,56.693,363,348,15,45.375
PR00000005,WO00000005,2026-01-01,B,P01,P01_L02,SKU003,480,30,33,417,61.962,406,396,10,58.417
PR00002265,WO00002265,2026-04-04,B,P02,P02_L02,SKU002,480,17,0,463,55.9,355,342,13,46.004
PR00001435,WO00001435,2026-03-01,A,P03,P03_L02,SKU006,480,0,16,464,54.878,392,381,11,50.69
PR00003458,WO00003458,2026-05-23,A,P03,P03_L01,SKU001,480,30,0,450,49.793,337,329,8,44.933
PR00000088,WO00000088,2026-01-05,C,P01,P01_L01,SKU005,480,0,0,480,50.42,361,349,12,45.125
PR00001733,WO00001733,2026-03-13,C,P02,P02_L03,SKU003,480,30,0,450,47.0,320,313,7,42.667
PR00002749,WO00002749,2026-04-24,C,P02,P02_L01,SKU006,480,31,0,449,48.8,319,308,11,42.628
PR00001335,WO00001335,2026-02-25,A,P02,P02_L03,SKU007,480,44,0,436,47.0,302,298,4,41.56
PR00001197,WO00001197,2026-02-19,B,P03,P03_L02,SKU006,480,0,0,480,54.878,391,381,10,48.875
PR00000701,WO00000701,2026-01-30,C,P01,P01_L01,SKU005,480,48,0,432,50.42,283,275,8,39.306
PR00001558,WO00001558,2026-03-06,B,P02,P02_L02,SKU002,480,0,0,480,55.9,356,341,15,44.5
PR00003804,WO00003804,2026-06-07,B,P01,P01_L02,SKU004,480,0,0,480,56.693,401,385,16,50.125
PR00003725,WO00003725,2026-06-03,C,P03,P03_L02,SKU006,480,0,0,480,54.878,377,365,12,47.125
PR00001108,WO00001108,2026-02-16,C,P02,P02_L02,SKU006,480,0,0,480,54.878,381,366,15,47.625
PR00000790,WO00000790,2026-02-03,B,P01,P01_L01,SKU007,480,30,0,450,69.9,465,458,7,62.0
PR00003048,WO00003048,2026-05-07,A,P01,P01_L02,SKU004,480,39,0,441,56.693,380,367,13,51.701
PR00002694,WO00002694,2026-04-22,B,P02,P02_L01,SKU006,480,0,8,472,48.8,345,333,12,43.856
PR00000842,WO00000842,2026-02-04,C,P03,P03_L03,SKU004,480,54,0,426,56.693,338,325,13,47.606
PR00002326,WO00002326,2026-04-07,A,P01,P01_L03,SKU007,480,23,0,457,74.2,496,489,7,65.12
PR00003957,WO00003957,2026-06-13,B,P01,P01_L02,SKU004,480,0,0,480,56.693,413,397,16,51.625
PR00004039,WO00004039,2026-06-16,B,P03,P03_L02,SKU006,480,0,0,480,54.878,391,378,13,48.875
PR00000196,WO00000196,2026-01-09,C,P01,P01_L01,SKU006,480,0,0,480,54.878,379,366,13,47.375
PR00002070,WO00002070,2026-03-27,B,P02,P02_L02,SKU002,480,0,90,390,55.9,292,280,12,44.923
PR00001107,WO00001107,2026-02-16,B,P02,P02_L02,SKU003,480,0,30,450,55.9,385,378,7,51.333
PR00002006,WO00002006,2026-03-25,A,P01,P01_L02,SKU002,480,19,0,461,65.2,423,405,18,55.054
PR00002196,WO00002196,2026-04-01,A,P03,P03_L02,SKU008,480,32,0,448,56.6,365,361,4,48.884
PR00002886,WO00002886,2026-04-30,B,P01,P01_L03,SKU003,480,0,0,480,61.962,445,435,10,55.625
PR00003324,WO00003324,2026-05-18,B,P02,P02_L02,SKU006,480,0,0,480,54.878,380,366,14,47.5
PR00001355,WO00001355,2026-02-26,C,P01,P01_L03,SKU008,480,29,0,451,60.302,376,368,8,50.022
PR00000639,WO00000639,2026-01-27,A,P03,P03_L02,SKU001,480,0,0,480,49.793,362,356,6,45.25
PR00001114,WO00001114,2026-02-16,C,P03,P03_L01,SKU003,480,0,128,352,57.7,275,268,7,46.875
PR00004345,WO00004345,2026-06-29,A,P02,P02_L03,SKU001,480,29,0,451,47.0,329,319,10,43.769
PR00000688,WO00000688,2026-01-29,B,P02,P02_L03,SKU008,480,0,0,480,47.0,311,307,4,38.875
PR00003598,WO00003598,2026-05-29,B,P02,P02_L01,SKU001,480,0,0,480,48.8,343,336,7,42.875
PR00002873,WO00002873,2026-04-29,A,P03,P03_L02,SKU002,480,35,0,445,56.6,364,352,12,49.079
PR00000563,WO00000563,2026-01-24,C,P01,P01_L03,SKU003,480,0,0,480,61.962,416,406,10,52.0
PR00000659,WO00000659,2026-01-28,C,P02,P02_L02,SKU004,480,0,0,480,55.9,378,364,14,47.25
PR00003482,WO00003482,2026-05-25,C,P01,P01_L01,SKU005,480,0,0,480,50.42,334,324,10,41.75
PR00001782,WO00001782,2026-03-16,B,P01,P01_L02,SKU001,480,44,0,436,49.793,315,306,9,43.349
PR00003502,WO00003502,2026-05-25,B,P03,P03_L02,SKU006,480,17,0,463,54.878,375,363,12,48.596
PR00002781,WO00002781,2026-04-26,B,P01,P01_L01,SKU004,480,35,0,445,56.693,360,345,15,48.539
PR00003848,WO00003848,2026-06-09,B,P01,P01_L01,SKU007,480,0,0,480,69.9,522,517,5,65.25
PR00002161,WO00002161,2026-03-31,B,P02,P02_L02,SKU002,480,32,83,365,55.9,278,269,9,45.699
PR00000450,WO00000450,2026-01-19,C,P03,P03_L03,SKU001,480,0,0,480,49.793,335,327,8,41.875
PR00001750,WO00001750,2026-03-14,A,P02,P02_L01,SKU003,480,0,0,480,48.8,363,353,10,45.375
PR00003172,WO00003172,2026-05-12,A,P02,P02_L01,SKU005,480,0,11,469,48.8,330,322,8,42.217
PR00003530,WO00003530,2026-05-26,C,P03,P03_L02,SKU006,480,0,0,480,54.878,383,371,12,47.875
PR00003784,WO00003784,2026-06-06,C,P01,P01_L01,SKU005,480,36,0,444,50.42,326,317,9,44.054
PR00001683,WO00001683,2026-03-11,A,P03,P03_L02,SKU002,480,23,0,457,56.6,384,371,13,50.416
PR00001585,WO00001585,2026-03-07,A,P03,P03_L01,SKU001,480,0,0,480,49.793,343,334,9,42.875
PR00000460,WO00000460,2026-01-20,A,P02,P02_L01,SKU001,480,13,0,467,48.8,336,326,10,43.169
PR00002254,WO00002254,2026-04-03,B,P03,P03_L03,SKU001,480,16,82,382,49.793,269,263,6,42.251
PR00002327,WO00002327,2026-04-07,B,P01,P01_L03,SKU007,480,0,0,480,74.2,562,554,8,70.25
PR00003506,WO00003506,2026-05-25,C,P03,P03_L03,SKU003,480,30,25,425,58.1,349,343,6,49.271
PR00001298,WO00001298,2026-02-24,C,P01,P01_L02,SKU004,480,0,0,480,56.693,399,381,18,49.875
PR00001684,WO00001684,2026-03-11,B,P03,P03_L02,SKU006,480,0,51,429,54.878,346,337,9,48.392
PR00003163,WO00003163,2026-05-12,A,P01,P01_L01,SKU001,480,0,12,468,49.793,358,349,9,45.897
PR00000220,WO00000220,2026-01-09,C,P03,P03_L03,SKU001,480,32,54,394,49.793,271,264,7,41.269
PR00001439,WO00001439,2026-03-02,C,P01,P01_L01,SKU004,480,0,0,480,56.693,367,350,17,45.875
PR00002361,WO00002361,2026-04-08,C,P02,P02_L02,SKU002,480,20,52,408,55.9,317,306,11,46.618
PR00002329,WO00002329,2026-04-07,A,P02,P02_L01,SKU006,480,0,0,480,48.8,353,343,10,44.125
PR00002603,WO00002603,2026-04-18,B,P02,P02_L02,SKU003,480,0,34,446,55.9,372,366,6,50.045
PR00002928,WO00002928,2026-05-01,B,P03,P03_L02,SKU006,480,0,47,433,54.878,365,355,10,50.577
PR00000417,WO00000417,2026-01-18,C,P02,P02_L03,SKU003,480,0,0,480,47.0,320,314,6,40.0
PR00000570,WO00000570,2026-01-24,B,P03,P03_L03,SKU004,480,0,0,480,56.693,395,383,12,49.375
PR00002791,WO00002791,2026-04-26,B,P03,P03_L01,SKU005,480,47,0,433,50.42,310,303,7,42.956
PR00000965,WO00000965,2026-02-10,C,P01,P01_L03,SKU003,480,0,0,480,61.962,436,428,8,54.5
PR00003275,WO00003275,2026-05-16,C,P01,P01_L02,SKU004,480,23,0,457,56.693,367,354,13,48.184
PR00002308,WO00002308,2026-04-06,A,P02,P02_L03,SKU005,480,0,16,464,47.0,323,312,11,41.767
PR00004320,WO00004320,2026-06-28,C,P02,P02_L01,SKU006,480,0,0,480,48.8,335,322,13,41.875
PR00001679,WO00001679,2026-03-11,C,P02,P02_L03,SKU002,480,0,0,480,47.0,298,286,12,37.25
PR00000669,WO00000669,2026-01-28,A,P03,P03_L03,SKU001,480,26,0,454,49.793,317,310,7,41.894
PR00001236,WO00001236,2026-02-21,A,P02,P02_L02,SKU002,480,0,37,443,55.9,353,342,11,47.81
PR00004222,WO00004222,2026-06-24,A,P01,P01_L03,SKU003,480,0,0,480,61.962,492,479,13,61.5
PR00001742,WO00001742,2026-03-13,C,P03,P03_L03,SKU001,480,0,0,480,49.793,331,323,8,41.375
PR00001545,WO00001545,2026-03-06,A,P01,P01_L01,SKU006,480,12,0,468,54.878,407,394,13,52.179
PR00003063,WO00003063,2026-05-07,A,P03,P03_L01,SKU001,480,79,0,401,49.793,290,285,5,43.392
PR00001943,WO00001943,2026-03-22,B,P03,P03_L01,SKU006,480,36,0,444,54.878,371,362,9,50.135
PR00001719,WO00001719,2026-03-13,A,P01,P01_L02,SKU004,480,21,0,459,56.693,394,381,13,51.503
PR00002949,WO00002949,2026-05-03,C,P01,P01_L01,SKU005,480,35,20,425,50.42,298,288,10,42.071
PR00000314,WO00000314,2026-01-14,B,P01,P01_L03,SKU003,480,0,0,480,61.962,486,474,12,60.75
PR00003621,WO00003621,2026-05-30,C,P01,P01_L03,SKU003,480,23,0,457,61.962,398,386,12,52.254
PR00002793,WO00002793,2026-04-26,A,P03,P03_L02,SKU001,480,65,35,380,49.793,292,286,6,46.105
PR00002659,WO00002659,2026-04-21,C,P01,P01_L01,SKU007,480,25,0,455,69.9,449,445,4,59.209
PR00002904,WO00002904,2026-04-30,B,P03,P03_L03,SKU007,480,0,0,480,58.1,375,371,4,46.875
PR00001882,WO00001882,2026-03-19,C,P03,P03_L02,SKU002,480,0,13,467,56.6,359,346,13,46.124
PR00003113,WO00003113,2026-05-09,B,P03,P03_L01,SKU004,480,17,0,463,56.693,391,377,14,50.67
PR00002273,WO00002273,2026-04-04,B,P03,P03_L03,SKU003,480,54,0,426,58.1,376,368,8,52.958
PR00000260,WO00000260,2026-01-12,B,P01,P01_L03,SKU008,480,0,0,480,60.302,415,410,5,51.875
PR00004020,WO00004020,2026-06-16,A,P01,P01_L02,SKU001,480,30,0,450,49.793,342,336,6,45.6
PR00000534,WO00000534,2026-01-23,C,P01,P01_L01,SKU005,480,20,0,460,50.42,313,306,7,40.826
PR00003343,WO00003343,2026-05-19,C,P01,P01_L02,SKU008,480,0,25,455,60.302,367,360,7,48.396
PR00002772,WO00002772,2026-04-25,A,P02,P02_L03,SKU002,480,0,0,480,47.0,319,308,11,39.875
PR00002086,WO00002086,2026-03-28,C,P01,P01_L01,SKU005,480,0,0,480,50.42,323,313,10,40.375
PR00004220,WO00004220,2026-06-24,B,P01,P01_L02,SKU002,480,0,23,457,65.2,444,427,17,58.293
PR00001105,WO00001105,2026-02-16,C,P02,P02_L01,SKU003,480,0,17,463,48.8,327,319,8,42.376
PR00001716,WO00001716,2026-03-13,A,P01,P01_L01,SKU005,480,0,0,480,50.42,352,343,9,44.0
PR00000413,WO00000413,2026-01-18,B,P02,P02_L01,SKU003,480,21,0,459,48.8,341,332,9,44.575
PR00000743,WO00000743,2026-02-01,C,P01,P01_L01,SKU001,480,0,0,480,49.793,339,331,8,42.375
PR00001620,WO00001620,2026-03-09,A,P02,P02_L02,SKU004,480,0,0,480,55.9,391,381,10,48.875
PR00002411,WO00002411,2026-04-10,B,P02,P02_L01,SKU003,480,34,15,431,48.8,310,307,3,43.155
PR00003495,WO00003495,2026-05-25,A,P02,P02_L03,SKU002,480,0,0,480,47.0,325,314,11,40.625
PR00001356,WO00001356,2026-02-26,A,P02,P02_L01,SKU003,480,0,0,480,48.8,402,395,7,50.25
PR00002567,WO00002567,2026-04-16,B,P03,P03_L03,SKU004,480,0,0,480,56.693,394,379,15,49.25
PR00002662,WO00002662,2026-04-21,C,P01,P01_L02,SKU001,480,0,0,480,49.793,323,312,11,40.375
PR00004177,WO00004177,2026-06-22,A,P02,P02_L03,SKU007,480,0,0,480,47.0,336,331,5,42.0
PR00004291,WO00004291,2026-06-26,A,P03,P03_L02,SKU006,480,35,0,445,54.878,392,382,10,52.854
PR00001672,WO00001672,2026-03-11,B,P02,P02_L01,SKU003,480,31,5,444,48.8,320,314,6,43.243
PR00003140,WO00003140,2026-05-11,B,P01,P01_L02,SKU008,480,0,0,480,60.302,438,432,6,54.75
PR00001269,WO00001269,2026-02-23,A,P01,P01_L02,SKU001,480,0,0,480,49.793,378,368,10,47.25
PR00000986,WO00000986,2026-02-11,C,P01,P01_L01,SKU008,480,0,0,480,60.302,405,398,7,50.625
PR00003206,WO00003206,2026-05-13,B,P02,P02_L03,SKU001,480,0,4,476,47.0,308,300,8,38.824
PR00001253,WO00001253,2026-02-22,A,P02,P02_L01,SKU003,480,0,0,480,48.8,352,344,8,44.0
PR00000421,WO00000421,2026-01-18,A,P03,P03_L02,SKU006,480,53,0,427,54.878,374,364,10,52.553
PR00002520,WO00002520,2026-04-15,C,P01,P01_L02,SKU001,480,0,0,480,49.793,331,321,10,41.375
PR00003968,WO00003968,2026-06-13,C,P03,P03_L01,SKU003,480,0,0,480,57.7,392,387,5,49.0
PR00000076,WO00000076,2026-01-04,C,P02,P02_L01,SKU006,480,0,59,421,48.8,286,276,10,40.76
PR00001584,WO00001584,2026-03-07,B,P02,P02_L03,SKU007,480,34,0,446,47.0,303,297,6,40.762
PR00002939,WO00002939,2026-05-02,A,P02,P02_L01,SKU006,480,0,0,480,48.8,347,341,6,43.375
PR00003289,WO00003289,2026-05-16,A,P03,P03_L03,SKU003,480,0,0,480,58.1,415,406,9,51.875
PR00002020,WO00002020,2026-03-25,C,P02,P02_L03,SKU007,480,0,0,480,47.0,317,313,4,39.625
PR00000230,WO00000230,2026-01-10,C,P03,P03_L01,SKU004,480,22,0,458,56.693,378,364,14,49.52
PR00001791,WO00001791,2026-03-16,B,P02,P02_L02,SKU004,480,0,0,480,55.9,396,383,13,49.5
PR00002245,WO00002245,2026-04-03,B,P02,P02_L03,SKU005,480,0,0,480,47.0,323,315,8,40.375
PR00002510,WO00002510,2026-04-14,B,P03,P03_L02,SKU001,480,15,0,465,49.793,340,331,9,43.871
PR00001628,WO00001628,2026-03-09,C,P03,P03_L01,SKU001,480,0,22,458,49.793,320,309,11,41.921
PR00000649,WO00000649,2026-01-28,B,P01,P01_L02,SKU001,480,0,55,425,49.793,291,283,8,41.082
PR00001257,WO00001257,2026-02-22,A,P02,P02_L03,SKU007,480,0,0,480,47.0,326,322,4,40.75
PR00003091,WO00003091,2026-05-08,B,P03,P03_L01,SKU004,480,15,0,465,56.693,368,353,15,47.484
PR00001948,WO00001948,2026-03-22,C,P03,P03_L03,SKU004,480,0,0,480,56.693,400,383,17,50.0
PR00003250,WO00003250,2026-05-15,A,P01,P01_L03,SKU004,480,21,48,411,56.693,354,343,11,51.679
PR00004076,WO00004076,2026-06-18,C,P01,P01_L02,SKU002,480,0,0,480,65.2,428,411,17,53.5
PR00002821,WO00002821,2026-04-27,C,P03,P03_L02,SKU006,480,0,0,480,54.878,363,352,11,45.375
PR00004225,WO00004225,2026-06-24,A,P02,P02_L01,SKU003,480,0,44,436,48.8,335,331,4,46.101
PR00001802,WO00001802,2026-03-16,A,P03,P03_L03,SKU006,480,22,0,458,54.878,381,372,9,49.913
PR00000893,WO00000893,2026-02-06,C,P03,P03_L02,SKU002,480,42,0,438,56.6,340,325,15,46.575
PR00003846,WO00003846,2026-06-08,C,P03,P03_L03,SKU003,480,0,0,480,58.1,408,401,7,51.0
PR00001991,WO00001991,2026-03-24,A,P02,P02_L03,SKU007,480,0,0,480,47.0,347,341,6,43.375
PR00002802,WO00002802,2026-04-27,B,P01,P01_L02,SKU006,480,20,0,460,54.878,412,397,15,53.739
PR00002029,WO00002029,2026-03-25,C,P03,P03_L03,SKU001,480,36,34,410,49.793,277,272,5,40.537
PR00000501,WO00000501,2026-01-21,C,P03,P03_L02,SKU008,480,0,0,480,56.6,363,357,6,45.375
PR00004207,WO00004207,2026-06-23,A,P03,P03_L01,SKU006,480,0,28,452,54.878,395,386,9,52.434
PR00000861,WO00000861,2026-02-05,A,P03,P03_L01,SKU007,480,0,20,460,57.7,396,391,5,51.652
PR00001626,WO00001626,2026-03-09,A,P03,P03_L01,SKU004,480,0,14,466,56.693,409,397,12,52.661
PR00002513,WO00002513,2026-04-14,B,P03,P03_L03,SKU003,480,0,0,480,58.1,428,418,10,53.5
PR00000653,WO00000653,2026-01-28,C,P01,P01_L03,SKU003,480,30,0,450,61.962,404,393,11,53.867
PR00001702,WO00001702,2026-03-12,B,P02,P02_L02,SKU002,480,22,0,458,55.9,359,347,12,47.031
PR00004263,WO00004263,2026-06-25,C,P03,P03_L01,SKU008,480,19,0,461,57.7,360,355,5,46.855
PR00001687,WO00001687,2026-03-11,B,P03,P03_L03,SKU001,480,25,46,409,49.793,292,287,5,42.836
PR00002023,WO00002023,2026-03-25,C,P03,P03_L01,SKU003,480,0,0,480,57.7,392,385,7,49.0
PR00000439,WO00000439,2026-01-19,A,P02,P02_L03,SKU005,480,0,0,480,47.0,320,312,8,40.0
PR00000988,WO00000988,2026-02-11,B,P01,P01_L02,SKU001,480,0,0,480,49.793,354,345,9,44.25
PR00001223,WO00001223,2026-02-20,A,P03,P03_L02,SKU006,480,0,0,480,54.878,395,384,11,49.375
PR00002115,WO00002115,2026-03-29,B,P03,P03_L01,SKU004,480,0,0,480,56.693,400,387,13,50.0
PR00003082,WO00003082,2026-05-08,B,P02,P02_L01,SKU001,480,0,0,480,48.8,340,331,9,42.5
PR00003472,WO00003472,2026-05-24,C,P02,P02_L03,SKU003,480,18,0,462,47.0,313,307,6,40.649
PR00000214,WO00000214,2026-01-09,C,P03,P03_L01,SKU001,480,0,0,480,49.793,330,320,10,41.25
PR00002268,WO00002268,2026-04-04,B,P02,P02_L03,SKU007,480,26,0,454,47.0,318,312,6,42.026
PR00000361,WO00000361,2026-01-16,A,P01,P01_L01,SKU001,480,0,0,480,49.793,353,344,9,44.125
PR00003093,WO00003093,2026-05-08,A,P03,P03_L02,SKU002,480,0,45,435,56.6,341,330,11,47.034
PR00000518,WO00000518,2026-01-22,B,P02,P02_L02,SKU002,480,0,0,480,55.9,373,359,14,46.625
PR00002448,WO00002448,2026-04-12,C,P02,P02_L01,SKU001,480,0,23,457,48.8,288,282,6,37.812
PR00003144,WO00003144,2026-05-11,C,P01,P01_L03,SKU007,480,0,32,448,74.2,482,474,8,64.554
PR00003814,WO00003814,2026-06-07,B,P02,P02_L03,SKU007,480,0,0,480,47.0,325,322,3,40.625
PR00002789,WO00002789,2026-04-26,C,P02,P02_L02,SKU006,480,0,0,480,54.878,376,363,13,47.0
PR00000063,WO00000063,2026-01-03,C,P02,P02_L03,SKU003,480,0,0,480,47.0,331,323,8,41.375
PR00002297,WO00002297,2026-04-06,B,P01,P01_L02,SKU001,480,0,0,480,49.793,346,335,11,43.25
PR00000512,WO00000512,2026-01-22,B,P01,P01_L03,SKU003,480,32,0,448,61.962,431,422,9,57.723
PR00003920,WO00003920,2026-06-11,B,P03,P03_L01,SKU004,480,0,0,480,56.693,410,398,12,51.25
PR00004198,WO00004198,2026-06-23,A,P02,P02_L01,SKU008,480,30,0,450,48.8,291,287,4,38.8
PR00002224,WO00002224,2026-04-02,B,P03,P03_L02,SKU006,480,89,0,391,54.878,319,309,10,48.951
PR00001846,WO00001846,2026-03-18,C,P02,P02_L02,SKU008,480,0,0,480,55.9,346,341,5,43.25
PR00004131,WO00004131,2026-06-20,C,P02,P02_L01,SKU001,480,0,0,480,48.8,326,317,9,40.75
PR00002889,WO00002889,2026-04-30,B,P02,P02_L01,SKU003,480,37,27,416,48.8,300,295,5,43.269
PR00003638,WO00003638,2026-05-31,B,P02,P02_L01,SKU001,480,71,0,409,48.8,283,275,8,41.516
PR00001959,WO00001959,2026-03-23,B,P02,P02_L01,SKU003,480,74,0,406,48.8,294,288,6,43.448
PR00000665,WO00000665,2026-01-28,C,P03,P03_L01,SKU005,480,43,0,437,50.42,284,276,8,38.993
PR00001196,WO00001196,2026-02-19,A,P03,P03_L02,SKU006,480,30,0,450,54.878,391,381,10,52.133
PR00004016,WO00004016,2026-06-15,C,P03,P03_L03,SKU004,480,0,0,480,56.693,388,375,13,48.5
PR00002858,WO00002858,2026-04-29,A,P01,P01_L03,SKU008,480,0,0,480,60.302,418,411,7,52.25
PR00000499,WO00000499,2026-01-21,A,P03,P03_L02,SKU001,480,0,0,480,49.793,360,351,9,45.0
PR00002955,WO00002955,2026-05-03,C,P02,P02_L02,SKU008,480,35,0,445,55.9,319,316,3,43.011
PR00004326,WO00004326,2026-06-28,C,P03,P03_L01,SKU004,480,0,12,468,56.693,385,366,19,49.359
PR00000541,WO00000541,2026-01-23,A,P02,P02_L01,SKU006,480,0,0,480,48.8,361,352,9,45.125
PR00003391,WO00003391,2026-05-20,C,P03,P03_L03,SKU004,480,0,0,480,56.693,351,336,15,43.875
PR00003678,WO00003678,2026-06-02,A,P01,P01_L02,SKU004,480,0,109,371,56.693,307,296,11,49.65
PR00001059,WO00001059,2026-02-13,A,P03,P03_L02,SKU006,480,21,0,459,54.878,375,367,8,49.02
PR00000749,WO00000749,2026-02-01,B,P02,P02_L01,SKU002,480,0,73,407,48.8,270,258,12,39.803
PR00003025,WO00003025,2026-05-06,B,P01,P01_L03,SKU003,480,37,0,443,61.962,442,431,11,59.865
PR00000158,WO00000158,2026-01-07,A,P03,P03_L01,SKU007,480,0,132,348,57.7,317,313,4,54.655
PR00001539,WO00001539,2026-03-05,A,P03,,SKU001,480,51,0,429,49.793,325,317,8,45.455
PR00003581,WO00003581,2026-05-28,C,P03,P03_L01,SKU006,480,41,8,431,54.878,353,340,13,49.142
PR00000157,WO00000157,2026-01-07,C,P02,P02_L03,SKU003,480,40,20,420,47.0,304,298,6,43.429
PR00000562,WO00000562,2026-01-24,A,P01,P01_L03,SKU003,480,59,25,396,61.962,387,377,10,58.636
PR00004341,WO00004341,2026-06-29,C,P02,P02_L01,SKU006,480,46,0,434,48.8,282,272,10,38.986
PR00002548,WO00002548,2026-04-16,A,P01,P01_L03,SKU008,480,0,0,480,60.302,409,402,7,51.125
PR00000110,WO00000110,2026-01-05,A,P03,P03_L03,SKU001,480,30,0,450,49.793,334,327,7,44.533
PR00001016,WO00001016,2026-02-12,C,P01,P01_L02,SKU001,480,0,0,480,49.793,340,329,11,42.5
PR00003051,WO00003051,2026-05-07,A,P01,P01_L03,SKU008,480,0,0,480,60.302,421,412,9,52.625
PR00003248,WO00003248,2026-05-15,B,P01,P01_L02,SKU004,480,22,23,435,56.693,378,363,15,52.138
PR00003352,WO00003352,2026-05-19,C,P02,P02_L02,SKU001,480,28,64,388,49.793,262,255,7,40.515
PR00003866,WO00003866,2026-06-09,B,P03,P03_L01,SKU004,480,40,0,440,56.693,352,339,13,48.0
PR00000787,WO00000787,2026-02-02,B,P03,P03_L03,SKU003,480,0,0,480,58.1,413,407,6,51.625
PR00003342,WO00003342,2026-05-19,B,P01,P01_L02,SKU006,480,0,0,480,54.878,390,377,13,48.75
PR00002320,WO00002320,2026-04-07,A,P01,P01_L01,SKU005,480,23,0,457,50.42,348,338,10,45.689
PR00000532,WO00000532,2026-01-23,A,P01,P01_L01,SKU004,480,20,0,460,56.693,392,378,14,51.13
PR00000480,WO00000480,2026-01-21,C,P01,P01_L01,SKU007,480,37,70,373,69.9,381,376,5,61.287
PR00002666,WO00002666,2026-04-21,A,P02,P02_L01,SKU003,480,20,14,446,48.8,319,311,8,42.915
PR00000801,WO00000801,2026-02-03,A,P02,P02_L02,SKU004,480,0,48,432,55.9,364,349,15,50.556
PR00000118,WO00000118,2026-01-06,C,P01,P01_L02,SKU002,480,0,4,476,65.2,433,413,20,54.58
PR00002496,WO00002496,2026-04-14,C,P01,P01_L03,SKU003,480,25,0,455,61.962,411,398,13,54.198
PR00003427,WO00003427,2026-05-22,C,P01,P01_L03,SKU008,480,0,0,480,60.302,377,369,8,47.125
PR00000515,WO00000515,2026-01-22,B,P02,P02_L01,SKU003,480,0,0,480,48.8,335,326,9,41.875
PR00000585,WO00000585,2026-01-25,A,P03,P03_L01,SKU001,480,32,0,448,49.793,334,325,9,44.732
PR00002537,WO00002537,2026-04-15,B,P03,P03_L02,SKU006,480,0,56,424,54.878,332,325,7,46.981
PR00003911,WO00003911,2026-06-11,B,P02,P02_L01,SKU003,480,25,0,455,48.8,329,320,9,43.385
PR00003255,WO00003255,2026-05-15,C,P02,P02_L01,SKU005,480,25,0,455,48.8,294,285,9,38.769
PR00003276,WO00003276,2026-05-16,C,P01,P01_L03,SKU003,480,0,0,480,61.962,440,429,11,55.0
PR00000371,WO00000371,2026-01-16,B,P02,P02_L01,SKU002,480,0,15,465,48.8,302,293,9,38.968
PR00003996,WO00003996,2026-06-15,A,P01,P01_L03,SKU003,480,26,0,454,61.962,392,383,9,51.806
PR00000031,WO00000031,2026-01-02,A,P01,P01_L02,SKU001,480,0,0,480,49.793,355,346,9,44.375
PR00000934,WO00000934,2026-02-09,B,P01,P01_L02,SKU001,480,39,0,441,49.793,342,333,9,46.531
PR00001415,WO00001415,2026-02-28,C,P03,P03_L01,SKU004,480,0,0,480,56.693,393,377,16,49.125
PR00000329,WO00000329,2026-01-14,B,P03,P03_L02,SKU006,480,69,0,411,54.878,367,355,12,53.577
PR00000445,WO00000445,2026-01-19,A,P03,P03_L02,SKU001,480,0,20,460,49.793,336,327,9,43.826
PR00001374,WO00001374,2026-02-27,A,P01,P01_L01,SKU005,480,0,0,480,50.42,356,346,10,44.5
PR00000623,WO00000623,2026-01-27,C,P01,P01_L02,SKU003,480,0,0,480,61.962,458,443,15,57.25
PR00002040,WO00002040,2026-03-26,B,P02,P02_L01,SKU008,480,0,0,480,48.8,324,318,6,40.5
PR00001147,WO00001147,2026-02-17,C,P03,P03_L03,SKU006,480,0,12,468,54.878,361,348,13,46.282
PR00003755,WO00003755,2026-06-04,C,P03,P03_L03,SKU004,480,0,0,480,56.693,383,369,14,47.875
PR00004229,WO00004229,2026-06-24,B,P02,P02_L02,SKU002,480,32,0,448,55.9,356,343,13,47.679
PR00000451,WO00000451,2026-01-20,A,P01,P01_L01,SKU005,480,0,0,480,50.42,364,354,10,45.5
PR00002882,WO00002882,2026-04-30,A,P01,P01_L02,SKU001,480,0,0,480,49.793,385,374,11,48.125
PR00001142,WO00001142,2026-02-17,A,P03,P03_L02,SKU006,480,0,17,463,54.878,416,404,12,53.909
PR00004311,WO00004311,2026-06-27,B,P03,P03_L03,SKU003,480,0,0,480,58.1,407,397,10,50.875
PR00000096,WO00000096,2026-01-05,B,P02,P02_L01,SKU003,480,24,22,434,48.8,314,308,6,43.41
PR00003392,WO00003392,2026-05-21,A,P01,P01_L01,SKU007,480,15,0,465,69.9,522,515,7,67.355
PR00003945,WO00003945,2026-06-12,C,P02,P02_L03,SKU003,480,32,0,448,47.0,316,308,8,42.321
PR00003757,WO00003757,2026-06-05,B,P01,P01_L01,SKU001,480,21,0,459,49.793,348,338,10,45.49
PR00001800,WO00001800,2026-03-16,B,P03,P03_L02,SKU006,480,0,0,480,54.878,401,388,13,50.125
PR00003226,WO00003226,2026-05-14,A,P02,P02_L01,SKU001,480,0,26,454,48.8,330,319,11,43.612
PR00001704,WO00001704,2026-03-12,A,P02,P02_L03,SKU003,480,0,0,480,47.0,342,335,7,42.75
PR00000290,WO00000290,2026-01-13,B,P02,P02_L01,SKU003,480,43,21,416,48.8,290,282,8,41.827
PR00000616,WO00000616,2026-01-26,B,P03,P03_L03,SKU003,480,15,0,465,58.1,418,408,10,53.935
PR00003918,WO00003918,2026-06-11,C,P02,P02_L03,SKU003,480,21,0,459,47.0,323,315,8,42.222
PR00000029,WO00000029,2026-01-02,B,P01,P01_L01,SKU001,480,0,0,480,49.793,351,344,7,43.875
PR00000428,WO00000428,2026-01-19,B,P01,P01_L02,SKU001,480,0,0,480,49.793,363,354,9,45.375
PR00003619,WO00003619,2026-05-30,C,P01,P01_L02,SKU001,480,0,0,480,49.793,368,356,12,46.0
PR00002982,WO00002982,2026-05-04,A,P03,P03_L01,SKU004,480,19,0,461,56.693,383,373,10,49.848
PR00000962,WO00000962,2026-02-10,C,P01,P01_L02,SKU008,480,0,0,480,60.302,424,416,8,53.0
PR00002018,WO00002018,2026-03-25,A,P02,P02_L03,SKU001,480,27,0,453,47.0,303,297,6,40.132
PR00004348,WO00004348,2026-06-29,A,P03,P03_L01,SKU004,480,0,16,464,56.693,397,385,12,51.336
PR00000789,WO00000789,2026-02-03,A,P01,P01_L01,SKU005,480,0,31,449,50.42,322,314,8,43.029
PR00001783,WO00001783,2026-03-16,C,P01,P01_L02,SKU002,480,0,0,480,65.2,417,398,19,52.125
PR00003688,WO00003688,2026-06-02,B,P02,P02_L02,SKU001,480,37,0,443,49.793,326,318,8,44.153
PR00003540,WO00003540,2026-05-27,A,P01,P01_L03,SKU003,480,39,0,441,61.962,423,416,7,57.551
PR00002456,WO00002456,2026-04-12,A,P03,P03_L02,SKU001,480,0,24,456,49.793,343,336,7,45.132
PR00003953,WO00003953,2026-06-12,B,P03,P03_L03,SKU004,480,0,0,480,56.693,413,398,15,51.625
PR00002142,WO00002142,2026-03-30,A,P03,P03_L02,SKU006,480,0,0,480,54.878,396,385,11,49.5
PR00000533,WO00000533,2026-01-23,B,P01,P01_L01,SKU001,480,80,0,400,49.793,309,300,9,46.35
PR00002062,WO00002062,2026-03-27,C,P01,P01_L02,SKU004,480,29,14,437,56.693,381,365,16,52.311
PR00002647,WO00002647,2026-04-20,C,P02,P02_L03,SKU007,480,27,0,453,47.0,278,274,4,36.821
PR00001950,WO00001950,2026-03-23,B,P01,P01_L01,SKU002,480,0,0,480,69.9,489,470,19,61.125
PR00003971,WO00003971,2026-06-13,C,P03,P03_L02,SKU001,480,17,0,463,49.793,304,298,6,39.395
PR00000540,WO00000540,2026-01-23,C,P01,P01_L03,SKU003,480,62,0,418,61.962,362,356,6,51.962
PR00003100,WO00003100,2026-05-09,C,P01,P01_L01,SKU001,480,0,0,480,49.793,330,318,12,41.25
PR00002022,WO00002022,2026-03-25,B,P03,P03_L01,SKU004,480,12,10,458,56.693,379,364,15,49.651
PR00001448,WO00001448,2026-03-02,C,P02,P02_L01,SKU005,480,51,0,429,48.8,281,273,8,39.301
PR00002747,WO00002747,2026-04-24,A,P02,P02_L01,SKU002,480,0,0,480,48.8,317,304,13,39.625
PR00000035,WO00000035,2026-01-02,B,P01,P01_L03,SKU003,480,0,0,480,61.962,487,477,10,60.875
PR00001527,WO00001527,2026-03-05,A,P02,P02_L01,SKU003,480,20,0,460,48.8,350,343,7,45.652
PR00001122,WO00001122,2026-02-17,B,P01,P01_L01,SKU005,480,12,43,425,50.42,288,281,7,40.659
PR00003209,WO00003209,2026-05-13,B,P03,P03_L01,SKU001,480,0,0,480,49.793,333,328,5,41.625
PR00002125,WO00002125,2026-03-30,B,P01,P01_L02,SKU006,480,41,0,439,54.878,369,355,14,50.433
PR00003423,WO00003423,2026-05-22,B,P01,P01_L02,SKU002,480,0,58,422,65.2,389,372,17,55.308
PR00000950,WO00000950,2026-02-09,C,P03,P03_L01,SKU001,480,0,69,411,49.793,263,259,4,38.394
PR00000263,WO00000263,2026-01-12,B,P02,P02_L01,SKU004,480,0,0,480,48.8,310,300,10,38.75
PR00000128,WO00000128,2026-01-06,A,P02,P02_L03,SKU007,480,0,0,480,47.0,337,330,7,42.125
PR00002069,WO00002069,2026-03-27,A,P02,P02_L02,SKU006,480,17,0,463,54.878,373,363,10,48.337
PR00002453,WO00002453,2026-04-12,C,P02,P02_L03,SKU003,480,26,6,448,47.0,292,284,8,39.107
PR00001051,WO00001051,2026-02-13,B,P02,P02_L02,SKU002,480,0,90,390,55.9,299,287,12,46.0
PR00002689,WO00002689,2026-04-22,C,P01,P01_L02,SKU001,480,37,0,443,49.793,312,303,9,42.257
PR00001256,WO00001256,2026-02-22,A,P02,P02_L02,SKU002,480,16,0,464,55.9,356,344,12,46.034
PR00003861,WO00003861,2026-06-09,C,P02,P02_L02,SKU003,480,17,0,463,55.9,369,360,9,47.819
PR00004189,WO00004189,2026-06-23,A,P01,P01_L01,SKU002,480,12,0,468,69.9,503,483,20,64.487
PR00002231,WO00002231,2026-04-03,C,P01,P01_L01,SKU005,480,0,0,480,50.42,323,314,9,40.375
PR00004092,WO00004092,2026-06-18,A,P03,P03_L02,SKU004,480,0,47,433,56.6,372,360,12,51.547
PR00003554,WO00003554,2026-05-27,C,P03,P03_L01,SKU001,480,35,19,426,49.793,299,290,9,42.113
PR00000891,WO00000891,2026-02-06,A,P03,P03_L02,SKU001,480,0,0,480,49.793,357,349,8,44.625
PR00003237,WO00003237,2026-05-14,C,P03,P03_L01,SKU003,480,0,0,480,57.7,403,395,8,50.375
PR00001141,WO00001141,2026-02-17,C,P03,P03_L01,SKU004,480,44,0,436,56.693,330,317,13,45.413
PR00000122,WO00000122,2026-01-06,A,P02,P02_L01,SKU004,480,0,0,480,48.8,327,316,11,40.875
PR00003239,WO00003239,2026-05-14,B,P03,P03_L02,SKU004,480,0,0,480,56.6,388,375,13,48.5
PR00003124,WO00003124,2026-05-10,B,P02,P02_L01,SKU003,480,27,0,453,48.8,316,311,5,41.854
PR00002398,WO00002398,2026-04-09,A,P03,P03_L03,SKU003,480,63,0,417,58.1,354,349,5,50.935
PR00003178,WO00003178,2026-05-12,A,P02,P02_L03,SKU001,480,28,0,452,47.0,305,298,7,40.487
PR00003519,WO00003519,2026-05-26,A,P02,P02_L02,SKU003,480,0,21,459,55.9,420,410,10,54.902
PR00002076,WO00002076,2026-03-27,B,P03,P03_L01,SKU004,480,0,0,480,56.693,386,376,10,48.25
PR00003218,WO00003218,2026-05-14,B,P01,P01_L01,SKU005,480,25,0,455,50.42,320,312,8,42.198
PR00000112,WO00000112,2026-01-05,C,P03,P03_L03,SKU003,480,0,7,473,58.1,374,366,8,47.442
PR00001290,WO00001290,2026-02-23,A,P03,P03_L03,SKU004,480,0,0,480,56.693,402,389,13,50.25
PR00003732,WO00003732,2026-06-04,A,P01,P01_L02,SKU001,480,0,0,480,49.793,390,380,10,48.75
PR00002990,WO00002990,2026-05-04,C,P03,P03_L03,SKU006,480,0,0,480,54.878,359,348,11,44.875
PR00002721,WO00002721,2026-04-23,B,P02,P02_L01,SKU001,480,0,0,480,48.8,353,345,8,44.125
PR00003574,WO00003574,2026-05-28,B,P02,P02_L02,SKU001,480,0,10,470,49.793,330,321,9,42.128
PR00003349,WO00003349,2026-05-19,C,P02,P02_L01,SKU001,480,0,0,480,48.8,328,320,8,41.0
PR00002349,WO00002349,2026-04-08,C,P01,P01_L01,SKU007,480,0,0,480,69.9,458,453,5,57.25
PR00003972,WO00003972,2026-06-13,A,P03,P03_L03,SKU001,480,0,0,480,49.793,350,342,8,43.75
PR00003285,WO00003285,2026-05-16,C,P03,P03_L01,SKU001,480,35,12,433,49.793,282,274,8,39.076
PR00003479,WO00003479,2026-05-24,C,P03,P03_L03,SKU006,480,30,0,450,54.878,376,363,13,50.133
PR00002980,WO00002980,2026-05-04,B,P02,P02_L03,SKU007,480,0,0,480,47.0,337,333,4,42.125
PR00003416,WO00003416,2026-05-21,A,P03,P03_L03,SKU004,480,26,0,454,56.693,399,385,14,52.731
PR00000597,WO00000597,2026-01-26,A,P01,P01_L03,SKU004,480,23,14,443,56.693,368,355,13,49.842
PR00000548,WO00000548,2026-01-23,B,P02,P02_L03,SKU001,480,0,0,480,47.0,319,310,9,39.875
PR00000102,WO00000102,2026-01-05,B,P02,P02_L03,SKU003,480,0,0,480,47.0,335,327,8,41.875
PR00000427,WO00000427,2026-01-19,A,P01,P01_L02,SKU004,480,45,0,435,56.693,384,370,14,52.966
PR00001807,WO00001807,2026-03-17,C,P01,P01_L01,SKU007,480,14,0,466,69.9,443,437,6,57.039
PR00000565,WO00000565,2026-01-24,C,P02,P02_L02,SKU002,480,26,4,450,55.9,326,313,13,43.467
PR00000406,WO00000406,2026-01-18,A,P01,P01_L01,SKU001,480,0,0,480,49.793,358,352,6,44.75
PR00000815,WO00000815,2026-02-03,C,P03,P03_L03,SKU001,480,0,18,462,49.793,312,305,7,40.519
PR00000747,WO00000747,2026-02-01,C,P01,P01_L03,SKU003,480,0,0,480,61.962,469,457,12,58.625
PR00002377,WO00002377,2026-04-09,A,P01,P01_L02,SKU008,480,38,0,442,60.302,382,376,6,51.855
PR00004120,WO00004120,2026-06-19,B,P03,P03_L02,SKU006,480,0,0,480,54.878,386,375,11,48.25
PR00002805,WO00002805,2026-04-27,B,P01,P01_L03,SKU003,480,34,0,446,61.962,421,411,10,56.637
PR00002446,WO00002446,2026-04-12,C,P01,P01_L03,SKU003,480,0,12,468,61.962,429,416,13,55.0
PR00003186,WO00003186,2026-05-12,C,P03,P03_L02,SKU001,480,20,0,460,49.793,306,299,7,39.913
PR00003934,WO00003934,2026-06-12,A,P01,P01_L03,SKU006,480,0,36,444,54.878,378,366,12,51.081
PR00004088,WO00004088,2026-06-18,C,P02,P02_L03,SKU004,480,0,0,480,47.0,299,287,12,37.375
PR00002608,WO00002608,2026-04-18,B,P03,P03_L01,SKU004,480,0,0,480,56.693,376,363,13,47.0
PR00002037,WO00002037,2026-03-26,B,P01,P01_L03,SKU004,480,0,0,480,56.693,435,419,16,54.375
PR00003557,WO00003557,2026-05-27,C,P03,P03_L02,SKU006,480,35,0,445,54.878,361,351,10,48.674
PR00004352,WO00004352,2026-06-29,B,P03,P03_L02,SKU006,480,0,31,449,54.878,382,372,10,51.047
PR00002286,WO00002286,2026-04-05,B,P03,P03_L01,SKU006,480,0,0,480,54.878,411,398,13,51.375
PR00001775,WO00001775,2026-03-15,C,P03,P03_L02,SKU006,480,38,0,442,54.878,340,328,12,46.154
PR00000888,WO00000888,2026-02-06,A,P03,P03_L01,SKU001,480,0,46,434,49.793,331,323,8,45.76
PR00001348,WO00001348,2026-02-26,B,P01,P01_L01,SKU001,480,48,7,425,49.793,305,295,10,43.059
PR00000415,WO00000415,2026-01-18,A,P02,P02_L02,SKU002,480,0,0,480,55.9,385,372,13,48.125
PR00000588,WO00000588,2026-01-25,C,P03,P03_L02,SKU001,480,0,0,480,49.793,345,340,5,43.125
PR00003168,WO00003168,2026-05-12,C,P01,P01_L02,SKU008,480,0,0,480,60.302,392,382,10,49.0
PR00000769,WO00000769,2026-02-02,B,P01,P01_L03,SKU004,480,0,0,480,56.693,397,383,14,49.625
PR00001097,WO00001097,2026-02-16,A,P01,P01_L02,SKU004,480,32,0,448,56.693,423,407,16,56.652
PR00000456,WO00000456,2026-01-20,C,P01,P01_L02,SKU008,480,28,0,452,60.302,387,378,9,51.372
PR00000420,WO00000420,2026-01-18,C,P03,P03_L01,SKU001,480,69,0,411,49.793,282,275,7,41.168
PR00003500,WO00003500,2026-05-25,C,P03,P03_L01,SKU004,480,0,0,480,56.693,373,358,15,46.625
PR00004138,WO00004138,2026-06-20,A,P03,P03_L02,SKU002,480,0,112,368,56.6,286,276,10,46.63
PR00000449,WO00000449,2026-01-19,B,P03,P03_L03,SKU001,480,0,52,428,49.793,305,300,5,42.757
PR00002384,WO00002384,2026-04-09,B,P02,P02_L01,SKU001,480,35,0,445,48.8,293,284,9,39.506
PR00000432,WO00000432,2026-01-19,C,P01,P01_L03,SKU008,480,26,0,454,60.302,378,372,6,49.956
PR00003039,WO00003039,2026-05-06,A,P03,P03_L02,SKU006,480,34,0,446,54.878,409,397,12,55.022
PR00002370,WO00002370,2026-04-08,C,P03,P03_L02,SKU002,480,0,18,462,56.6,352,336,16,45.714
PR00001797,WO00001797,2026-03-16,B,P03,P03_L01,SKU004,480,0,0,480,56.693,387,376,11,48.375
PR00002481,WO00002481,2026-04-13,C,P03,P03_L01,SKU001,480,0,19,461,49.793,324,318,6,42.169
PR00001307,WO00001307,2026-02-24,C,P02,P02_L02,SKU002,480,21,37,422,55.9,320,306,14,45.498
PR00002112,WO00002112,2026-03-29,B,P02,P02_L02,SKU003,480,0,0,480,55.9,411,403,8,51.375
PR00003788,WO00003788,2026-06-06,A,P02,P02_L01,SKU005,480,0,19,461,48.8,308,301,7,40.087
PR00000197,WO00000197,2026-01-09,A,P01,P01_L02,SKU001,480,0,25,455,49.793,355,348,7,46.813
PR00002418,WO00002418,2026-04-10,C,P02,P02_L03,SKU003,480,0,50,430,47.0,292,284,8,40.744
PR00001658,WO00001658,2026-03-10,C,P03,P03_L02,SKU004,480,18,0,462,56.6,354,340,14,45.974
PR00003864,WO00003864,2026-06-09,C,P02,P02_L03,SKU003,480,0,50,430,47.0,293,287,6,40.884
PR00003606,WO00003606,2026-05-29,A,P03,P03_L01,SKU003,480,0,0,480,57.7,414,407,7,51.75
PR00001906,WO00001906,2026-03-20,C,P03,P03_L01,SKU004,480,0,0,480,56.693,370,356,14,46.25
PR00003445,WO00003445,2026-05-22,C,P03,P03_L03,SKU004,480,48,0,432,56.693,318,307,11,44.167
PR00004336,WO00004336,2026-06-29,A,P01,P01_L03,SKU002,480,46,0,434,72.0,460,445,15,63.594
PR00001808,WO00001808,2026-03-17,A,P01,P01_L02,SKU004,480,27,0,453,56.693,393,375,18,52.053
PR00001339,WO00001339,2026-02-25,B,P03,P03_L01,SKU001,480,54,0,426,49.793,305,298,7,42.958
PR00001116,WO00001116,2026-02-16,B,P03,P03_L02,SKU006,480,0,12,468,54.878,380,370,10,48.718
PR00001176,WO00001176,2026-02-19,B,P01,P01_L01,SKU001,480,0,0,480,49.793,344,334,10,43.0
PR00001392,WO00001392,2026-02-27,A,P03,P03_L01,SKU001,480,0,23,457,49.793,342,335,7,44.902
PR00000341,WO00000341,2026-01-15,B,P01,P01_L03,SKU002,480,36,0,444,72.0,445,425,20,60.135
PR00002490,WO00002490,2026-04-14,C,P01,P01_L01,SKU001,480,0,0,480,49.793,352,343,9,44.0
PR00002687,WO00002687,2026-04-22,A,P01,P01_L02,SKU001,480,36,0,444,49.793,313,307,6,42.297
PR00002870,WO00002870,2026-04-29,A,P03,P03_L01,SKU001,480,0,0,480,49.793,358,351,7,44.75
PR00000637,WO00000637,2026-01-27,B,P03,P03_L01,SKU001,480,0,0,480,49.793,343,336,7,42.875
PR00000431,WO00000431,2026-01-19,B,P01,P01_L03,SKU005,480,0,0,480,50.42,333,324,9,41.625
PR00002175,WO00002175,2026-04-01,A,P01,P01_L01,SKU005,480,0,0,480,50.42,354,344,10,44.25
PR00003789,WO00003789,2026-06-06,B,P02,P02_L01,SKU003,480,0,0,480,48.8,360,353,7,45.0
PR00003106,WO00003106,2026-05-09,A,P02,P02_L01,SKU005,480,0,0,480,48.8,318,310,8,39.75
PR00002028,WO00002028,2026-03-25,B,P03,P03_L03,SKU004,480,54,0,426,56.693,347,334,13,48.873
PR00000268,WO00000268,2026-01-12,A,P02,P02_L03,SKU004,480,20,0,460,47.0,317,306,11,41.348
PR00004304,WO00004304,2026-06-27,B,P02,P02_L02,SKU006,480,0,0,480,54.878,395,381,14,49.375
PR00003155,WO00003155,2026-05-11,B,P03,P03_L01,SKU003,480,0,0,480,57.7,418,408,10,52.25
PR00002963,WO00002963,2026-05-03,B,P03,P03_L03,SKU004,480,19,24,437,56.693,360,347,13,49.428
PR00003207,WO00003207,2026-05-13,C,P02,P02_L03,SKU003,480,0,0,480,47.0,309,300,9,38.625
PR00000187,WO00000187,2026-01-08,C,P03,P03_L01,SKU001,480,0,0,480,49.793,328,319,9,41.0
PR00002558,WO00002558,2026-04-16,B,P02,P02_L03,SKU003,480,0,0,480,47.0,362,353,9,45.25
PR00002017,WO00002017,2026-03-25,C,P02,P02_L02,SKU004,480,0,13,467,55.9,373,359,14,47.923
PR00002130,WO00002130,2026-03-30,A,P02,P02_L01,SKU003,480,0,0,480,48.8,369,363,6,46.125
PR00000280,WO00000280,2026-01-13,A,P01,P01_L01,SKU005,480,0,0,480,50.42,350,340,10,43.75
PR00001548,WO00001548,2026-03-06,A,P01,P01_L02,SKU003,480,25,0,455,61.962,443,432,11,58.418
PR00000620,WO00000620,2026-01-27,C,P01,P01_L01,SKU005,480,32,0,448,50.42,309,298,11,41.384
PR00003559,WO00003559,2026-05-27,B,P03,P03_L03,SKU006,480,40,0,440,54.878,353,343,10,48.136
PR00002210,WO00002210,2026-04-02,C,P01,P01_L03,SKU003,480,0,0,480,61.962,428,416,12,53.5
PR00000933,WO00000933,2026-02-09,A,P01,P01_L02,SKU004,480,0,0,480,56.693,412,397,15,51.5
PR00000513,WO00000513,2026-01-22,C,P01,P01_L03,SKU003,480,0,0,480,61.962,454,444,10,56.75
PR00003262,WO00003262,2026-05-15,A,P03,P03_L01,SKU001,480,0,13,467,49.793,344,337,7,44.197
PR00002754,WO00002754,2026-04-24,B,P02,P02_L03,SKU001,480,42,0,438,47.0,300,290,10,41.096
PR00002412,WO00002412,2026-04-10,C,P02,P02_L01,SKU003,480,77,0,403,48.8,308,299,9,45.856
PR00003990,WO00003990,2026-06-15,A,P01,P01_L01,SKU001,480,0,28,452,49.793,352,341,11,46.726
PR00002402,WO00002402,2026-04-10,B,P01,P01_L01,SKU001,480,18,0,462,49.793,339,330,9,44.026
PR00001458,WO00001458,2026-03-02,A,P03,P03_L02,SKU001,480,0,0,480,49.793,345,340,5,43.125
PR00000721,WO00000721,2026-01-30,B,P03,P03_L02,SKU001,480,0,0,480,49.793,336,327,9,42.0
PR00001398,WO00001398,2026-02-27,A,P03,P03_L03,SKU001,480,20,0,460,49.793,311,306,5,40.565
PR00004158,WO00004158,2026-06-21,A,P03,P03_L02,SKU004,480,0,0,480,56.6,394,379,15,49.25
PR00003867,WO00003867,2026-06-09,C,P03,P03_L01,SKU001,480,31,0,449,49.793,320,312,8,42.762
PR00001126,WO00001126,2026-02-17,C,P01,P01_L02,SKU001,480,34,0,446,49.793,307,296,11,41.3
PR00002995,WO00002995,2026-05-05,B,P01,P01_L02,SKU002,480,0,0,480,65.2,465,450,15,58.125
PR00002064,WO00002064,2026-03-27,B,P01,P01_L03,SKU003,480,0,0,480,61.962,445,436,9,55.625
PR00000461,WO00000461,2026-01-20,B,P02,P02_L01,SKU003,480,0,29,451,48.8,325,319,6,43.237
PR00002672,WO00002672,2026-04-21,A,P02,P02_L03,SKU007,480,0,0,480,47.0,333,330,3,41.625
PR00004227,WO00004227,2026-06-24,C,P02,P02_L01,SKU003,480,0,0,480,48.8,337,329,8,42.125
PR00002475,WO00002475,2026-04-13,C,P02,P02_L02,SKU008,480,0,0,480,55.9,350,345,5,43.75
PR00001377,WO00001377,2026-02-27,A,P01,P01_L02,SKU001,480,0,0,480,49.793,388,376,12,48.5
PR00001534,WO00001534,2026-03-05,B,P02,P02_L03,SKU005,480,0,0,480,47.0,306,300,6,38.25
PR00000061,WO00000061,2026-01-03,C,P02,P02_L01,SKU006,480,0,0,480,48.8,339,330,9,42.375
PR00002777,WO00002777,2026-04-25,A,P03,P03_L02,SKU004,480,27,0,453,56.6,376,364,12,49.801
PR00003577,WO00003577,2026-05-28,B,P02,P02_L03,SKU007,480,30,0,450,47.0,290,284,6,38.667
PR00003077,WO00003077,2026-05-08,C,P01,P01_L02,SKU004,480,41,0,439,56.693,377,360,17,51.526
PR00000360,WO00000360,2026-01-15,C,P03,P03_L03,SKU001,480,27,43,410,49.793,290,283,7,42.439
PR00002523,WO00002523,2026-04-15,C,P01,P01_L03,SKU003,480,0,0,480,61.962,424,412,12,53.0
PR00000132,WO00000132,2026-01-06,B,P03,P03_L01,SKU004,480,0,28,452,56.693,364,352,12,48.319
PR00002060,WO00002060,2026-03-27,A,P01,P01_L02,SKU001,480,39,41,400,49.793,289,281,8,43.35
PR00001872,WO00001872,2026-03-19,B,P02,P02_L02,SKU002,480,25,0,455,55.9,341,329,12,44.967
PR00003179,WO00003179,2026-05-12,B,P02,P02_L03,SKU007,480,33,44,403,47.0,270,264,6,40.199
PR00000528,WO00000528,2026-01-22,C,P03,P03_L02,SKU004,480,16,0,464,56.6,362,347,15,46.81
PR00002168,WO00002168,2026-03-31,C,P03,P03_L01,SKU001,480,0,0,480,49.793,341,331,10,42.625
PR00003703,WO00003703,2026-06-03,B,P01,P01_L01,SKU001,480,30,0,450,49.793,335,326,9,44.667
PR00002996,WO00002996,2026-05-05,C,P01,P01_L02,SKU002,480,36,0,444,65.2,400,381,19,54.054
PR00001587,WO00001587,2026-03-07,A,P03,P03_L02,SKU006,480,27,0,453,54.878,368,357,11,48.742
PR00003045,WO00003045,2026-05-07,A,P01,P01_L01,SKU007,480,0,0,480,69.9,518,511,7,64.75
PR00003191,WO00003191,2026-05-13,B,P01,P01_L01,SKU006,480,22,0,458,54.878,373,358,15,48.865
PR00003909,WO00003909,2026-06-11,C,P01,P01_L03,SKU008,480,46,0,434,60.302,352,345,7,48.664
PR00002677,WO00002677,2026-04-21,C,P03,P03_L01,SKU001,480,21,0,459,49.793,311,303,8,40.654
PR00003744,WO00003744,2026-06-04,A,P02,P02_L03,SKU003,480,29,0,451,47.0,342,339,3,45.499
PR00000116,WO00000116,2026-01-06,A,P01,P01_L02,SKU008,480,42,0,438,60.302,396,389,7,54.247
PR00001262,WO00001262,2026-02-22,B,P03,P03_L02,SKU004,480,0,23,457,56.6,398,384,14,52.254
PR00000525,WO00000525,2026-01-22,C,P03,P03_L01,SKU001,480,41,8,431,49.793,297,290,7,41.346
PR00001471,WO00001471,2026-03-03,B,P01,P01_L03,SKU005,480,0,28,452,50.42,318,308,10,42.212
PR00002002,WO00002002,2026-03-24,C,P03,P03_L03,SKU003,480,51,0,429,58.1,354,348,6,49.51
PR00000504,WO00000504,2026-01-21,C,P03,P03_L03,SKU004,480,29,0,451,56.693,354,339,15,47.095
PR00003261,WO00003261,2026-05-15,C,P02,P02_L03,SKU003,480,0,0,480,47.0,329,321,8,41.125
PR00000125,WO00000125,2026-01-06,A,P02,P02_L02,SKU006,480,0,0,480,54.878,376,367,9,47.0
PR00000447,WO00000447,2026-01-19,C,P03,P03_L02,SKU006,480,0,0,480,54.878,366,357,9,45.75
PR00003524,WO00003524,2026-05-26,C,P02,P02_L03,SKU007,480,0,0,480,47.0,302,297,5,37.75
PR00001528,WO00001528,2026-03-05,B,P02,P02_L01,SKU001,480,32,18,430,48.8,294,287,7,41.023
PR00001777,WO00001777,2026-03-15,C,P03,P03_L03,SKU003,480,32,0,448,58.1,354,346,8,47.411
PR00002753,WO00002753,2026-04-24,A,P02,P02_L03,SKU006,480,15,11,454,47.0,347,338,9,45.859
PR00002968,WO00002968,2026-05-04,B,P01,P01_L02,SKU004,480,0,0,480,56.693,386,369,17,48.25
PR00000071,WO00000071,2026-01-04,B,P01,P01_L02,SKU004,480,38,0,442,56.693,370,356,14,50.226
PR00004029,WO00004029,2026-06-16,A,P02,P02_L02,SKU001,480,0,0,480,49.793,361,351,10,45.125
PR00000189,WO00000189,2026-01-08,B,P03,P03_L02,SKU006,480,0,0,480,54.878,391,381,10,48.875
PR00001190,WO00001190,2026-02-19,A,P02,P02_L03,SKU007,480,0,0,480,47.0,327,321,6,40.875
PR00003886,WO00003886,2026-06-10,A,P02,P02_L02,SKU004,480,0,20,460,55.9,384,372,12,50.087
PR00003489,WO00003489,2026-05-25,A,P02,P02_L01,SKU006,480,0,0,480,48.8,369,358,11,46.125
PR00000388,WO00000388,2026-01-17,B,P01,P01_L01,SKU001,480,37,9,434,49.793,302,293,9,41.751
PR00002005,WO00002005,2026-03-25,C,P01,P01_L01,SKU001,480,49,0,431,49.793,302,294,8,42.042
PR00002080,WO00002080,2026-03-27,C,P03,P03_L02,SKU006,480,0,0,480,54.878,380,366,14,47.5
PR00002255,WO00002255,2026-04-03,C,P03,P03_L03,SKU003,480,31,0,449,58.1,372,362,10,49.71
PR00004327,WO00004327,2026-06-28,B,P03,P03_L02,SKU008,480,0,0,480,56.6,361,357,4,45.125
PR00001972,WO00001972,2026-03-23,C,P03,P03_L02,SKU008,480,16,0,464,56.6,353,346,7,45.647
PR00000685,WO00000685,2026-01-29,B,P02,P02_L02,SKU004,480,0,0,480,55.9,370,356,14,46.25
PR00001365,WO00001365,2026-02-26,A,P03,P03_L01,SKU001,480,64,0,416,49.793,317,310,7,45.721
PR00003582,WO00003582,2026-05-28,A,P03,P03_L02,SKU006,480,0,27,453,54.878,399,390,9,52.848
PR00000184,WO00000184,2026-01-08,C,P02,P02_L03,SKU004,480,0,0,480,47.0,316,302,14,39.5
PR00001063,WO00001063,2026-02-13,B,P03,P03_L03,SKU004,480,0,0,480,56.693,388,374,14,48.5
PR00000633,WO00000633,2026-01-27,A,P02,P02_L03,SKU007,480,0,0,480,47.0,342,339,3,42.75
PR00000928,WO00000928,2026-02-08,C,P03,P03_L02,SKU006,480,0,0,480,54.878,383,374,9,47.875
PR00000673,WO00000673,2026-01-29,B,P01,P01_L01,SKU007,480,0,0,480,69.9,468,461,7,58.5
PR00002923,WO00002923,2026-05-01,C,P02,P02_L03,SKU003,480,0,0,480,47.0,346,339,7,43.25
PR00001091,WO00001091,2026-02-15,A,P03,P03_L02,SKU006,480,0,0,480,54.878,392,380,12,49.0
PR00001219,WO00001219,2026-02-20,C,P02,P02_L03,SKU008,480,0,0,480,47.0,299,295,4,37.375
PR00003142,WO00003142,2026-05-11,A,P01,P01_L03,SKU008,480,0,0,480,60.302,414,409,5,51.75
PR00003084,WO00003084,2026-05-08,A,P02,P02_L02,SKU002,480,31,0,449,55.9,359,345,14,47.973
PR00001416,WO00001416,2026-02-28,A,P03,P03_L02,SKU002,480,23,6,451,56.6,354,342,12,47.095
PR00004287,WO00004287,2026-06-26,C,P02,P02_L03,SKU003,480,26,0,454,47.0,297,292,5,39.251
PR00001423,WO00001423,2026-03-01,C,P01,P01_L01,SKU005,480,0,0,480,50.42,330,320,10,41.25
PR00001087,WO00001087,2026-02-15,B,P02,P02_L03,SKU005,480,29,0,451,47.0,296,290,6,39.379
PR00000746,WO00000746,2026-02-01,B,P01,P01_L03,SKU003,480,34,0,446,61.962,449,441,8,60.404
PR00000100,WO00000100,2026-01-05,C,P02,P02_L02,SKU004,480,29,0,451,55.9,343,329,14,45.632
PR00002387,WO00002387,2026-04-09,B,P02,P02_L02,SKU004,480,0,0,480,55.9,398,385,13,49.75
PR00003852,WO00003852,2026-06-09,C,P01,P01_L02,SKU002,480,50,0,430,65.2,397,380,17,55.395
PR00000379,WO00000379,2026-01-16,A,P03,P03_L01,SKU001,480,0,0,480,49.793,353,346,7,44.125
PR00003091,WO00003091,2026-05-08,B,P03,P03_L01,SKU004,480,15,0,465,56.693,368,353,15,47.484
