machine_id,line_id,plant_id,machine_name,machine_type,install_year,rated_units_per_hour,baseline_health_index
M001,P01_L01,P01,P01_L01-Machine-1,Press,2017,73.6,0.793
M002,P01_L01,P01,P01_L01-Machine-2,CNC,2021,74.6,0.702
M003,P01_L01,P01,P01_L01-Machine-3,Assembly,2023,64.8,0.777
M004,P01_L01,P01,P01_L01-Machine-4,Packaging,2011,77.1,0.753
M005,P01_L02,P01,P01_L02-Machine-1,Press,2018,61.9,0.784
M006,P01_L02,P01,P01_L02-Machine-2,CNC,2011,59.6,0.722
M007,P01_L02,P01,P01_L02-Machine-3,Assembly,2011,69.5,0.697
M008,P01_L02,P01,P01_L02-Machine-4,Packaging,2011,72.6,0.659
M009,P01_L03,P01,P01_L03-Machine-1,Press,2012,74.4,0.687
M010,P01_L03,P01,P01_L03-Machine-2,CNC,2017,77.9,0.773
M011,P01_L03,P01,P01_L03-Machine-3,Assembly,2024,82.5,0.932
M012,P01_L03,P01,P01_L03-Machine-4,Packaging,2018,74.4,0.707
M013,P02_L01,P02,P02_L01-Machine-1,Press,2017,46.4,0.698
M014,P02_L01,P02,P02_L01-Machine-2,CNC,2022,48.6,0.827
M015,P02_L01,P02,P02_L01-Machine-3,Assembly,2022,47.3,0.718
M016,P02_L01,P02,P02_L01-Machine-4,Packaging,2011,52.6,0.66
M017,P02_L02,P02,P02_L02-Machine-1,Press,2020,52.1,0.824
M018,P02_L02,P02,P02_L02-Machine-2,CNC,2011,60.0,0.704
M019,P02_L02,P02,P02_L02-Machine-3,Assembly,2021,59.0,0.818
M020,P02_L02,P02,P02_L02-Machine-4,Packaging,2020,57.4,0.744
M021,P02_L03,P02,P02_L03-Machine-1,Press,2021,47.2,0.728
M022,P02_L03,P02,P02_L03-Machine-2,CNC,2023,50.2,0.695
M023,P02_L03,P02,P02_L03-Machine-3,Assembly,2015,48.1,0.767
M024,P02_L03,P02,P02_L03-Machine-4,Packaging,2014,42.6,0.772
M025,P03_L01,P03,P03_L01-Machine-1,Press,2021,62.8,0.769
M026,P03_L01,P03,P03_L01-Machine-2,CNC,2024,55.5,0.749
M027,P03_L01,P03,P03_L01-Machine-3,Assembly,2021,60.4,0.789
M028,P03_L01,P03,P03_L01-Machine-4,Packaging,2022,60.4,0.798
M029,P03_L02,P03,P03_L02-Machine-1,Press,2018,51.2,0.716
M030,P03_L02,P03,P03_L02-Machine-2,CNC,2011,60.0,0.677
M031,P03_L02,P03,P03_L02-Machine-3,Assembly,2013,57.2,0.688
M032,P03_L02,P03,P03_L02-Machine-4,Packaging,2017,59.6,0.777
M033,P03_L03,P03,P03_L03-Machine-1,Press,2018,60.3,0.731
M034,P03_L03,P03,P03_L03-Machine-2,CNC,2015,53.8,0.645
M035,P03_L03,P03,P03_L03-Machine-3,Assembly,2019,63.9,0.704
M036,P03_L03,P03,P03_L03-Machine-4,Packaging,2017,64.6,0.725
